cardIndex, vocabulary, vocaInterpret, sentence, sentenceInterpret
1, cave, 동굴/ 굴, Bats live in deep caves., 박쥐는 깊은 동굴에서 산다.
2, email, 이메일/ 전자우편, What is your email address?, 네 이메일 주소가 뭐니?
3, war, 전쟁, Many people died in the war., 많은 사람들이 그 전쟁에서 죽었다.
4, stage, 단계/ 시기, We are in an early stage of the plan., 우리는 그 계획의 초기 단계에 있다.
5, coach, (스포츠 팀의) 코치, The coach is giving advice to a player., 그 코치는 선수에게 조언을 하고 있다.
6, oil, 석유/ 기름, The price of oil is coming down., 석유 가격이 떨어지고 있다.
7, exit, 출구, Where is the exit?, 출구가 어디죠?
8, pure, 순수한/ 깨끗한, This scarf is made of pure silk., 이 스카프는 순수 실크로 만들어졌다.
9, shade, 그늘, Let's take a rest in the shade., 그늘에서 좀 쉬자.
10, wing, 날개, The butterfly has beautiful wings., 그 나비는 아름다운 날개를 가지고 있다.
11, still, 아직도/ 여전히, Are you still doing homework?, 아직도 숙제 하고 있니?
12, bury, (땅에) 묻다/ 매장하다, We buried the dog in the back yard., 우리는 그 개를 뒷마당에 묻었다.
13, comic, 웃기는/ 희극의, The movie has many comic scenes., 그 영화는 웃기는 장면이 많다.
14, valley, 계곡/ 골짜기, I walked through the valley., 나는 그 계곡을 걸어갔다.
15, machine, 기계, Can you fix this machine?, 이 기계를 고칠 수 있니?
16, everyday, 일상의/ 매일의, Please come to the party in everyday clothes., 평상복 차림으로 파티에 참석해 주세요.
17, neighbor, 이웃, He is my new neighbor., 그는 나의 새로운 이웃이다.
18, useful, 쓸모 있는/ 유용한, This program is very useful., 이 프로그램은 매우 유용하다.
19, joy, 기쁨/ 환희, Her face was full of joy., 그녀의 얼굴은 기쁨으로 가득 차 있었다.
20, award, 상, The actor won a lot of awards., 그 배우는 많은 상을 받았다.
21, active, 활동적인, My father is active for his age., 아버지는 연세에 비해 활동적이시다.
22, search, 찾다, They are searching for the key., 그들은 열쇠를 찾고 있다.
23, perfect, 완전한/ 완벽한, You have perfect teeth., 너는 완벽한 치아를 가지고 있구나.
24, advice, 충고/ 조언, He took his father's advice., 그는 아버지의 충고를 받아들였다.
25, nature, 자연, We enjoyed beautiful nature in the woods., 우리는 숲에서 아름다운 자연을 즐겼다.
26, trouble, 문제/ 어려움, I had trouble finding his house., 나는 그의 집을 찾는 데 어려움을 겪었다.
27, lead, 안내하다/ 이끌다, She led us to the living room., 그녀는 우리를 거실로 안내했다.
28, cash, 현금/ 현찰, Do you want to pay in cash?, 현금으로 지불하시겠습니까?
29, stamp, 우표/ 도장, I bought a stamp at the post office., 나는 우체국에서 우표를 한 장 샀다.
30, healthy, 건강한/ 건강에 좋은, Eat more vegetables to stay healthy., 건강을 유지하기 위해 야채를 더 많이 드세요.
31, tip, (뾰족한) 끝/ 팁, He broke the tip of the pencil., 그는 연필 끝을 부러뜨렸다.
32, final, 마지막의, The final score was three to two., 최종 점수는 3대 2였다.
33, cartoon, 만화, I enjoy reading the cartoons in the newspaper., 나는 신문에서 만화를 읽는 것을 즐긴다.
34, teenager, 십 대, Rock music is popular among teenagers., 록 음악은 십 대들 사이에서 인기가 있다.
35, gentle, 부드러운/ 조용한, He spoke in a gentle voice., 그는 부드러운 목소리로 말했다.
36, nickname, 별명, I call him by his nickname., 나는 그를 별명으로 부른다.
37, unit, 구성 단위, The cell is the basic unit of living things., 세포는 생명체의 기본 구성 단위이다.
38, focus, 집중하다, You have to focus on your studies., 너는 공부에 집중해야 한다.
39, lovely, 사랑스러운, I have a lovely daughter., 나는 사랑스러운 딸이 있다.
40, curl, 곱슬곱슬하게 하다, I want to curl my hair., 머리를 곱슬곱슬하게 하고 싶어.
41, fair, 적당한/ 공정한, Ten dollars is a fair price., 10달러는 적당한 가격이다.
42, rub, 문지르다/ 비비다, He felt sleepy and rubbed his eyes., 그는 졸려서 눈을 비볐다.
43, court, 법정/ 경기장, I'm going to take you to court., 당신을 법정에 세우겠어. (당신을 고소하겠어.)
44, rule, 규칙/ 규정, Don't break the rules., 규칙을 어기지 마라.
45, insect, 곤충/ 벌레, Every insect has six legs., 모든 곤충은 다리가 여섯 개이다.
46, borrow, 빌리다, I borrowed the book from the library., 나는 그 책을 도서관에서 빌렸다.
47, twin, 쌍둥이, The twins look the same., 그 쌍둥이들은 똑같이 생겼다.
48, sign, 표지판/ 서명하다, That traffic sign means danger., 저 교통 표지판은 위험을 나타낸다.
49, view, 경치/ 전망, The night view of Seoul is beautiful., 서울의 야경은 아름답다.
50, total, 총/ 합계, The total cost is $50., 총비용은 50달러이다.
51, wonder, 궁금하다, I wonder if he will come., 나는 그가 올지 궁금하다.
52, sometime, 언젠가, Let's have dinner together sometime., 언제 함께 저녁 먹자.
53, thus, 그러므로/ 따라서, I woke up late/ thus missed the bus., 나는 늦게 일어났고/ 따라서 버스를 놓쳤다.
54, god, 하느님/ 신, Do you believe in God?, 하느님을 믿으세요?
55, simple, 간단한/ 단순한, This is not a simple problem., 이것은 단순한 문제가 아니다.
56, mix, 섞이다; 섞다, Oil and water do not mix., 기름과 물은 섞이지 않는다.
57, hero, 영웅, He is a soccer hero in Korea., 그는 한국에서 축구 영웅이다.
58, smart, 영리한/ 똑똑한, Dolphins are smart animals., 돌고래는 영리한 동물이다.
59, sunlight, 햇빛/ 햇볕, This room gets a lot of sunlight., 이 방은 햇볕이 잘 든다.
60, male, 남성, The thief was a white male., 그 도둑은 백인 남성이었다.
61, foreign, 외국의, I visited a foreign country last month., 나는 지난달에 외국을 방문했다.
62, law, 법/ 법률, We must keep the law., 우리는 법을 지켜야 한다.
63, shower, 샤워, Take a shower before you go to bed., 자기 전에 샤워해라.
64, lift, 들어올리다, I can't lift this heavy box., 나는 이 무거운 상자를 들어 올릴 수 없다.
65, fashion, 유행/ 패션, The jeans are in fashion this year., 올해는 청바지가 유행이다.
66, prison, 교도소/ 감옥, He got out of prison after two years., 그는 2년 후 교도소에서 나왔다.
67, newspaper, 신문, She is reading today's newspaper., 그녀는 오늘자 신문을 읽고 있다.
68, dig, (땅·구멍 등을) 파다, They are digging in the garden., 그들은 정원에서 땅을 파고 있다.
69, sharp, 날카로운/ 예리한, He cut the meat with a sharp knife., 그는 날카로운 칼로 그 고기를 잘랐다.
70, spicy, 매콤한, This curry is too spicy for me., 이 카레는 내게 너무 맵다.
71, crash, 충돌하다, His car crashed into the train., 그의 차는 열차와 충돌했다.
72, ground, 지면/ 땅, We were lying on the ground., 우리는 땅바닥에 누워 있었다.
73, hang, 걸다/ 매달다, We hung a lamp in the tent., 우리는 텐트 안에 등을 걸었다.
74, brave, 용감한, The brave soldiers fought for their country., 그 용감한 군인들은 나라를 위해 싸웠다.
75, freedom, 자유, They gave their kids a lot of freedom., 그들은 아이들에게 많은 자유를 주었다.
76, bark, (개 등이) 짖다, The dog always barks at me., 그 개는 항상 나를 보고 짖는다.
77, elder, 나이가 더 많은, His elder son is a doctor., 그의 큰아들은 의사이다.
78, silent, 말이 없는/ 조용한, He was silent all evening., 그는 저녁 내내 아무 말이 없었다.
79, member, 일원/ 회원, They are members of the tennis club., 그들은 테니스 클럽의 회원이다.
80, thief, 도둑/ 절도범, The thief took the diamond ring., 그 도둑은 다이아몬드 반지를 가져갔다.
81, freeze, 얼다; 얼리다, The river froze last night., 그 강은 어젯밤에 얼었다.
82, harmony, 화음/ 조화, They sang in beautiful harmony., 그들은 아름다운 화음으로 노래했다.
83, muddy, 진흙투성이의, I took off my muddy boots., 나는 진흙투성이의 부츠를 벗었다.
84, score, 득점/ 점수, What was the final score of the game?, 그 경기의 최종 점수는 몇 점이었니?
85, proud, 자랑스러워하는, I'm really proud of you., 난 네가 정말 자랑스러워.
86, prize, 상/ 경품, She won first prize in the writing contest., 그녀는 글쓰기 대회에서 1등 상을 받았다.
87, lower, 아래쪽의, I hurt my lower back., 나는 등 아래쪽을 다쳤다.
88, soap, 비누, Wash your hands with soap., 손을 비누로 씻어라.
89, quite, 아주/ 꽤, He plays basketball quite well., 그는 농구를 꽤 잘한다
90, leader, 지도자/ 리더, Who is your team leader?, 너희 팀 리더가 누구니?
91, dead, 죽은, I miss my dead father., 나는 돌아가신 아버지가 그립다.
92, care, 조심/ 주의, Drive with care., 조심해서 운전하세요.
93, coin, 동전, He put some coins in his pocket., 그는 동전 몇 개를 주머니에 넣었다.
94, postcard, 엽서, I got a postcard from my friend in Tokyo., 나는 도쿄에 있는 친구로부터 엽서를 받았다.
95, skill, 솜씨/ 능력, His cooking skills are excellent., 그의 요리 솜씨는 뛰어나다.
96, must, ~해야 하다, You must clean your room., 너는 방을 청소해야 한다.
97, important, 중요한, Enough sleep is important for your health., 충분한 수면은 건강에 중요하다.
98, partner, 동료/ 동업자, They were partners in the business., 그들은 그 사업에서 동업자였다.
99, flour, 밀가루/ 가루, I bought flour to make bread., 나는 빵을 만들기 위해 밀가루를 샀다.
100, secret, 비밀의/ 비밀, Enter your secret code., 비밀번호를 입력하세요.
101, meal, 식사, Did you enjoy your meal?, 식사 맛있게 하셨어요?
102, cinema, 영화관, Let's meet at the cinema lobby., 영화관 로비에서 만나자.
103, taste, 맛/ 맛이 나다, This fruit has a sweet taste., 이 과일은 단맛이 난다.
104, channel, 채널/ 주파수, There is a quiz show on channel 3., 3번 채널에서는 퀴즈 쇼를 방영한다.
105, bottom, 맨 아래, My house is at the bottom of the hill., 우리 집은 그 언덕 아래쪽에 있다.
106, garbage, 쓰레기, We are picking up garbage., 우리는 쓰레기를 줍고 있다.
107, culture, 문화, They want to learn about Korean culture., 그들은 한국 문화에 관해 배우기를 원한다.
108, lost, 길을 잃은, They were lost in the mountains., 그들은 산속에서 길을 잃었다.
109, noisy, 시끄러운, The restaurant was too noisy., 그 식당은 너무 시끄러웠다.
110, else, 다른/ 그 밖에, Do you need anything else?, 다른 필요한 것이 있으세요?
111, chat, 잡담하다, We were chatting about the news., 우리는 그 소식에 관해 잡담하고 있었다.
112, level, (양의) 정도/ 수준, Your stress is at a high level., 당신은 스트레스 정도가 높군요.
113, beauty, 아름다움, People see beauty in paintings., 사람들은 그림에서 아름다움을 발견한다.
114, flat, 평평한/ 납작한, We sat on the flat ground., 우리는 평평한 땅에 앉았다.
115, flow, 흐름, The machine uses the flow of air., 그 기계는 공기의 흐름을 이용한다.
116, melt, 녹다; 녹이다, The ice cream melted in the warm weather., 따뜻한 날씨에 아이스크림이 녹았다.
117, course, 진로/ 방향, I decided on a course for the future., 나는 미래의 진로를 결정했다.
118, mad, 화가 난, He is still mad at me., 그는 아직 내게 화가 나 있다.
119, bored, 지루한/ 지겨운, They felt bored by the game., 그들은 그 게임에 지루해졌다.
120, form, 형태/ (문서) 서식, There are many forms of art., 예술에는 다양한 형태가 있다.
121, behind, ~의 뒤에, She stood behind me., 그녀는 내 뒤에 서 있었다.
122, factory, 공장, This factory produces chairs., 이 공장은 의자를 생산한다.
123, share, 함께 쓰다/ 공유하다, I share a room with my sister., 나는 언니와 방을 함께 쓴다.
124, flash, 번쩍이다, A light flashed in the dark., 어둠 속에서 불빛이 번쩍였다.
125, without, ~없이, I can't do it without your help., 네 도움 없이는 그걸 할 수 없어.
126, sample, 견본/ 샘플, I got a free sample of soap., 나는 무료 비누 샘플을 받았다.
127, less, (~보다) 적은, I spend less time reading., 나는 책 읽는 데 적은 시간을 쓴다.
128, playground, 운동장/ 놀이터, Let's play soccer at the playground., 운동장에서 축구를 하자.
129, driver, 운전자/ 기사, He worked as a bus driver., 그는 버스 기사로 일했다.
130, breath, 숨/ 호흡, He took a deep breath after running., 그는 달리고 난 후 숨을 깊이 들이마셨다.
131, fry, (기름에) 튀기다, Fry the potatoes for three minutes., 감자들을 3분간 튀기세요.
132, stick, 붙이다, I stuck the poster on the wall., 나는 그 포스터를 벽에 붙였다.
133, enter, ~에 들어가다, They entered the classroom., 그들은 교실로 들어갔다.
134, during, ~동안 (내내), I'll go on a trip during the vacation., 나는 방학 동안 여행을 갈 것이다.
135, flood, 홍수, The flood washed away the tall tree., 그 큰 나무는 홍수에 떠내려갔다.
136, suck, 빨아먹다[마시다], He sucked the juice from a lemon., 그는 레몬에서 즙을 빨아먹었다.
137, someday, 언젠가, I want to go to space someday., 나는 언젠가 우주에 가보고 싶다.
138, press, 신문/ 언론, The story was reported in the press., 그 이야기는 언론에 보도되었다.
139, common, 흔한/ 공통의, Snow is common in this town., 이 마을에서는 눈이 흔하다.
140, myself, 나 자신을[에게], I bought myself a gift., 나는 나 자신에게 선물을 사 주었다.
141, dessert, 디저트/ 후식, What will you have for dessert?, 후식은 무엇으로 하시겠습니까?
142, wedding, 결혼(식), Many people came to his wedding., 많은 사람들이 그의 결혼식에 왔다.
143, anymore, 이제는/ 더 이상, I don't want to talk to him anymore., 나는 더 이상 그와 말하고 싶지 않다.
144, soldier, 군인/ 육군, Soldiers are holding their guns., 군인들이 총을 들고 있다.
145, straw, 밀짚/ 빨대, He had a straw hat on., 그는 밀짚모자를 쓰고 있었다.
146, trash, 쓰레기, Take out the trash., 쓰레기를 내다 버려라.
147, bakery, 제과점, The bakery sells many kinds of bread., 그 제과점은 많은 종류의 빵을 판매한다.
148, scene, (연극·영화 등의) 장면, That's my favorite scene in this movie., 저것이 내가 이 영화에서 좋아하는 장면이다.
149, special, 특별한, Do you have any special plans for this evening?, 오늘 저녁에 특별한 계획 있으세요?
150, recipe, 요리법, Please tell me the recipe for apple pie., 애플파이 요리법을 알려주세요.
151, nobody, 아무도 ~않다, Nobody heard his voice., 아무도 그의 목소리를 듣지 못했다.
152, pill, 알약, Take one pill a day., 약을 하루에 한 알씩 복용하세요.
153, sleepy, 졸리는, I can't study because I'm too sleepy., 너무 졸려서 공부를 할 수가 없어요.
154, soil, 흙/ 토양, Plants grow well in good soil., 식물은 좋은 토양에서 잘 자란다.
155, dive, (물속으로) 뛰어들다, Do not dive into the river., 강에 다이빙하지 마시오.
156, dictionary, 사전, This dictionary gives lots of examples., 이 사전은 풍부한 예문을 제공한다.
157, female, 여성의/ 여성, She was the first female president., 그녀는 첫 번째 여성 대통령이었다.
158, chef, 요리사/ 주방장, Our chef uses only fresh vegetables., 저희 주방장은 신선한 채소만을 사용합니다.
159, pour, 따르다/ 붓다, Pour the sauce over the salad., 샐러드 위에 소스를 부어라.
160, designer, 디자이너, The designer held a fashion show., 그 디자이너는 패션쇼를 열었다.
161, ache, 아프다/ 쑤시다, My shoulders ache., (내) 어깨가 아프다.
162, wooden, 나무로 된, The house has a wooden floor., 그 집은 바닥이 나무로 되어 있다.
163, should, ~해야 한다, You should get some rest., 너는 휴식을 좀 취해야 한다.
164, mistake, 실수/ 잘못, He made a big mistake., 그는 큰 실수를 저질렀다.
165, foreigner, 외국인, She teaches Korean to foreigners., 그녀는 외국인들에게 한국어를 가르친다.
166, wild, 야생의, The hill was full of wild flowers., 그 언덕은 야생화로 가득했다.
167, captain, 선장/ 주장, The ship's captain is looking at a map., 그 배의 선장은 지도를 보고 있다.
168, step, 걸음/ 단계, Please take a step back., 뒤로 한 걸음 물러서주세요.
169, elderly, 연세가 드신, He lives with his elderly mother., 그는 연세가 드신 어머니와 함께 산다.
170, flight, 비행; 항공편, I was tired from the long flight., 나는 긴 비행으로 피곤했다.
171, weigh, 무게가 ~이다, How much do you weigh?, 몸무게가 얼마에요?
172, farmer, 농부/ 농장주, The farmer is growing corn., 그 농부는 옥수수를 재배하고 있다.
173, neat, 정돈된/ 깔끔한, She always keeps her room neat., 그녀는 언제나 방을 깔끔하게 유지한다.
174, invention, 발명(품), The Internet is a wonderful invention., 인터넷은 놀라운 발명품이다.
175, fur, 털/ 모피, The rabbit's fur is soft., 토끼의 털은 부드럽다.
176, alike, 비슷한, My brother and I are just alike., 남동생과 나는 꼭 닮았다.
177, yet, 아직, We are not ready yet., 우리는 아직 준비가 안 됐어요.
178, power, 힘/ 권력, I don't have the power to lift it., 나는 그것을 들 힘이 없다.
179, moment, 순간/ 잠깐, We enjoyed every moment of the trip., 우리는 그 여행의 모든 순간을 즐겼다.
180, collect, 수집하다, My hobby is collecting stamps., 내 취미는 우표 수집하기이다.
181, bowl, (속이 깊은) 그릇, Fill a bowl with cold water., 그릇을 차가운 물로 채우세요.
182, popular, 인기 있는, The singer is very popular with teenagers., 그 가수는 십 대들에게 매우 인기 있다.
183, cell phone, 휴대전화, Please call me on my cell phone., 제 휴대전화로 전화해 주세요.
184, topic, 화제/ 주제, That is the topic of my essay., 그것이 내 에세이의 주제이다.
185, uniform, 제복, He is wearing a police uniform., 그는 경찰복을 입고 있다.
186, living, 살아 있는, She is the most famous living painter., 그녀는 현재 살아 있는 가장 유명한 화가이다.
187, least, 가장 작은[적은], The glass with the least juice is mine., 주스가 가장 적은 유리컵이 내 것이다.
188, allow, 허락하다, My mom allowed me to get a dog., 엄마는 내가 개를 사는 것을 허락해 주셨다.
189, toward, ~쪽으로, The man walked toward us., 그 남자는 우리 쪽으로 걸어왔다.
190, upstairs, 위층에[으로], I ran upstairs to my room., 나는 위층 내 방으로 달려갔다.
191, reach, 도착하다/ 닿다, We reached Seoul that night., 우리는 그날 밤에 서울에 도착했다.
192, fail, 실패하다, She failed to enter the college., 그녀는 그 대학에 입학하는 데 실패했다.
193, village, 마을, He was born in a small village., 그는 작은 마을에서 태어났다.
194, burn, (불에) 타다, The trees are still burning., 그 나무들은 아직 타고 있다.
195, blind, 눈 먼/ 장님의, Guide dogs help blind people., 안내견은 시각장애인들을 돕는다.
196, prepare, 준비하다, They are preparing a meal., 그들은 식사를 준비하는 중이다.
197, lonely, 외로운, I'm lonely without my family., 가족이 없으니 외로워.
198, suddenly, 갑자기, The bus stopped suddenly., 그 버스는 갑자기 멈췄다.
199, online, 온라인의, He read an online newspaper., 그는 온라인 신문을 읽었다.
200, return, 돌아가다[오다], They returned from their trip., 그들은 여행에서 돌아왔다.
201, especially, 특별히, I made this cake especially for you., 특별히 너를 위해 이 케이크를 만들었어.
202, type, 종류, I like all types of movies., 나는 모든 종류의 영화를 좋아한다.
203, adult, 성인/ 어른, The child wants to become an adult soon., 그 아이는 빨리 어른이 되고 싶어한다.
204, shopping, 쇼핑, We do our shopping on weekends., 우리는 주말에 쇼핑을 한다.
205, greet, 맞이하다, She greeted us with a kind smile., 그녀는 다정한 미소로 우리를 맞았다.
206, everything, 모든 것, He loved everything about her., 그는 그녀의 모든 것을 사랑했다.
207, sport, 스포츠/ 운동, My favorite sport is basketball., 내가 가장 좋아하는 운동은 농구이다.
208, cheer, 환호/ 격려하다, They welcomed her with cheers., 그들은 환호로 그녀를 맞았다.
209, interest, 관심/ 흥미, I have an interest in travel., 나는 여행에 관심이 있다.
210, guide, 안내자, The guide showed us around the city., 그 안내원은 우리에게 그 도시를 안내했다.
211, mark, 얼룩/ 표시, There's a dirty mark on your shirt., 네 셔츠에 더러운 얼룩이 있어.
212, usual, 평상시의, I missed my usual train this morning., 나는 오늘 아침에 평소에 타던 기차를 놓쳤다.
213, housework, 집안일, I was busy doing housework., 나는 집안일을 하느라 바빴다.
214, through, ~을 지나서, The bus ran through a tunnel., 그 버스는 터널을 지나서 달렸다.
215, text, 글/ 문서, This book has very little text., 이 책은 글이 거의 없다.
216, oven, 오븐, I baked some cookies in the oven., 나는 오븐에 쿠키를 구웠다.
217, solve, (문제를) 풀다, I can't solve the math problem., 그 수학 문제를 못 풀겠어.
218, own, 자기 자신의, Do you have your own computer?, 네 개인 컴퓨터가 있니?
219, beat, 때리다, I got angry and beat him., 나는 화가 나서 그를 때렸다.
220, later, 나중에/ 후에, Let's meet a week later., 1주일 후에 만나자.
221, actual, 실제의/ 사실상의, I don't know his actual age., 나는 그의 실제 나이를 모른다.
222, hiking, 하이킹, I like to go hiking in the mountains., 나는 산으로 하이킹 가는 것을 좋아한다.
223, record, 기록, I keep a record of my weight., 나는 내 몸무게를 기록한다.
224, copy, 복사(본), Send me a copy of the file., 그 파일의 복사본을 보내줘.
225, royal, 국왕의/ 왕실의, The king built a new royal palace., 그 왕은 새 왕궁을 지었다.
226, dialogue, 대화, I had a short dialogue with my teacher., 나는 선생님과 짧은 대화를 나누었다.
227, palm, 손바닥, I put the coin in her palm., 나는 그 동전을 그녀의 손바닥에 놓았다.
228, boil, 끓다; 끓이다, The soup in the pot is boiling., 냄비 속의 수프가 끓고 있다.
229, magazine, 잡지, I like to read sports magazines., 나는 스포츠 잡지 읽는 것을 좋아한다.
230, tradition, 전통, The school has a long tradition., 그 학교는 오랜 전통을 가지고 있다.
231, headache, 두통, I have a bad headache., 두통이 심해요.
232, scare, 겁나게 하다, A strange noise scared me., 이상한 소리가 나를 겁나게 했다.
233, main, 주된/ 주요한, What is your main point?, 당신의 요점이 무엇인가요?
234, curly, 곱슬곱슬한, She has long curly hair., 그녀는 긴 곱슬머리를 가지고 있다.
235, language, 언어/ 말, How many languages can you speak?, 당신은 몇 개 국어를 말할 수 있습니까?
236, tear, 눈물, Tears ran down her face., 눈물이 그녀의 얼굴에 흘러내렸다.
237, result, 결과, The test results were not good., 시험 결과는 좋지 않았다.
238, block, 한 구획/ 블록, The bakery is two blocks away from here., 그 빵집은 여기서 두 블록 떨어져 있다.
239, friendly, 친절한, She is always friendly to others., 그녀는 다른 사람들에게 언제나 친절하다.
240, however, 그렇지만, I like basketball. However/ I'm not good at it., 나는 농구를 좋아한다. 그렇지만 잘하지는 못한다.
241, blank, 공백의/ 빈, I drew a picture on a blank page., 나는 빈 페이지에 그림을 그렸다.
242, greenhouse, 온실, The farmer grew vegetables in a greenhouse., 그 농부는 온실에서 채소를 재배했다.
243, drawer, 서랍, The file is in the top drawer., 그 파일은 맨 위 서랍에 있어요.
244, tower, 탑, There is a tall tower on the hill., 그 언덕 위에 높은 탑이 있다.
245, fever, 열, The baby has a high fever., 그 아기는 고열이 있다.
246, lie, 눕다, He is lying on the grass., 그는 잔디 위에 누워 있다.
247, contest, 경기/ 대회, He won the fishing contest., 그는 그 낚시 대회에서 우승했다.
248, natural, 자연[천연]의, Natural foods are good for your health., 자연식품은 건강에 좋다.
249, fantastic, 환상적인/ 멋진, We had a fantastic time at the concert., 우리는 그 콘서트에서 멋진 시간을 보냈다.
250, global, 세계적인, The company is leading the global market., 그 회사는 세계 시장에서 선두를 달리고 있다.
251, disagree, 동의하지 않다, He disagreed with her idea., 그는 그녀의 생각에 동의하지 않았다.
252, accept, 받아들이다, She didn't accept my advice., 그녀는 내 충고를 받아들이지 않았다.
253, tough, 힘든/ 어려운, We had a tough time., 우리는 힘든 시간을 보냈다.
254, character, 성격/ 성질, He is a man of kind character., 그는 친절한 성격의 사람이다.
255, judge, 재판관/ 판사, She worked as a judge for 10 years., 그녀는 판사로 10년간 일했다.
256, nation, 국가/ 나라, How many nations are there in the world?, 세계에는 몇 개의 국가가 있나요?
257, medicine, 약/ 의학, You should take this medicine., 너는 이 약을 먹어야 한다.
258, lock, 잠그다, Don't forget to lock the door., 문 잠그는 것 잊지 마라.
259, sheet, 시트/ 얇은 천, I'll give you clean sheets., 내가 깨끗한 시트를 줄게.
260, strange, 이상한/ 낯선, I had a strange dream., 나는 이상한 꿈을 꾸었다.
261, solar, 태양의, Solar power is used in many ways., 태양 에너지는 여러 가지 방식으로 사용된다.
262, desert, 사막, This plant can't live in the desert., 이 식물은 사막에서 살 수 없다.
263, festival, 축제, Our city holds a jazz festival every year., 우리 도시는 매년 재즈 축제를 개최한다.
264, director, (회사의) 임원[이사], He became a director at the company., 그는 그 회사의 이사가 되었다.
265, cause, 원인/ 이유, We don't know the cause of the event., 우리는 그 사건의 원인을 모른다.
266, activity, 활동, We do club activities after school., 우리는 방과 후에 동아리 활동을 한다.
267, slide, 미끄러지다, She slid across the ice., 그녀는 얼음 위로 미끄러졌다.
268, amazing, 놀랄 만한/ 굉장한, That is an amazing story!, 그거 굉장한 이야기인데!
269, heat, 열/ 더위, The heat of the sun melted the ice., 태양의 열기가 얼음을 녹였다.
270, serious, 심각한, He made a serious mistake., 그는 심각한 실수를 저질렀다.
271, general, 일반적인, We talked about general topics., 우리는 일반적인 주제들에 대해 이야기했다.
272, review, 검토(하다), They are reviewing the results., 그들은 결과를 검토하고 있다.
273, midnight, 자정/ 한밤중, The store closes at midnight., 그 가게는 자정에 문을 닫는다.
274, shape, 형태/ 모양, The tables are square in shape., 그 탁자들은 모양이 정사각형이다.
275, surprised, 놀란, I was surprised at the news., 나는 그 소식에 놀랐다.
276, stress, 스트레스/ 압박, I'm under a lot of stress., 나는 심한 스트레스를 받고 있다.
277, cafeteria, 카페테리아/ 구내식당, She ate lunch in the company cafeteria., 그녀는 회사 구내식당에서 점심을 먹었다.
278, talent, 재능/ 재주, My son has a talent for singing., 내 아들은 노래에 재능이 있다.
279, race, 경주, Who won the car race?, 그 자동차 경주에서 누가 이겼니?
280, normal, 보통의/ 평범한, We returned to a normal life., 우리는 평범한 생활로 돌아왔다.
281, save, (위험에서) 구하다, He saved us from a fire., 그가 화재에서 우리를 구했다.
282, shell, 껍데기/ 껍질, Take the shell off an egg., 달걀 껍데기를 벗기세요.
283, adventure, 모험, She got back safe from her adventure., 그녀는 모험에서 무사히 돌아왔다.
284, finally, 마침내/ 마지막으로, He finally finished his homework., 그는 마침내 숙제를 끝냈다.
285, toothache, 치통, I have a bad toothache., 나는 심한 치통을 앓고 있다.
286, pleasure, 즐거움/ 기쁨, She gets pleasure from playing the violin., 그녀는 바이올린 연주에서 즐거움을 얻는다.
287, sketch, 밑그림, I drew a sketch of a cat., 나는 고양이의 밑그림을 그렸다.
288, footprint, 발자국, There were no footprints in the sand., 모래 위에는 발자국 하나 남아있지 않았다.
289, outdoor, 야외의, I went to an outdoor concert yesterday., 나는 어제 야외 콘서트에 갔다.
290, sale, 판매, Ticket sales start right now., 티켓 판매가 이제 시작됩니다.
291, match, 경기/ 시합, Did you watch the tennis match?, 그 테니스 경기 봤니?
292, weekly, 매주의/ 주 1회의, Make a weekly plan first., 먼저 주간 계획을 세워라.
293, firework, 불꽃(놀이), Many people came to see the fireworks., 많은 사람들이 불꽃놀이를 보러 왔다.
294, humorous, 유머가 풍부한, Let me tell you a humorous story., 재미있는 이야기를 하나 해 줄게.
295, deeply, 대단히/ 깊이, I'm deeply sorry., 대단히 죄송합니다.
296, everywhere, 어디나/ 어디든지, I carry my cell phone everywhere., 나는 휴대전화를 어디든지 가지고 다닌다.
297, shout, 소리치다, She shouted for help., 그녀는 도와달라고 소리쳤다.
298, interview, 면접/ 인터뷰, When is your job interview?, 너의 면접이 언제니?
299, follow, 따라가다, Do not follow me., 날 따라오지 마.
300, alarm, 경보(기)/ 알람, Did you hear the fire alarm?, 화재경보기 소리 들었니?
301, unique, 독특한, This building is very unique., 이 건물은 매우 독특하다.
302, tasty, 맛있는, All of the food was tasty., 모든 음식이 맛있었다.
303, control, 통제(력), They had no control over their child., 그들은 아이를 통제하지 못했다.
304, symbol, 상징(물), The dove is a symbol of peace., 비둘기는 평화의 상징이다.
305, excited, 신이 난, I was excited to see her again., 나는 그녀를 다시 만나서 신이 났다.
306, helpful, 도움이 되는, The book was very helpful for the exam., 그 책은 시험에 큰 도움이 되었다.
307, sentence, 문장, This sentence is too hard for me., 이 문장은 나에게 너무 어렵다.
308, style, 방식, I like his style of singing., 나는 그의 노래 부르는 방식이 좋다.
309, shine, 빛나다, The moon shone in the dark., 어둠 속에서 달이 빛났다.
310, wallet, 지갑, I lost my wallet yesterday., 나는 어제 지갑을 잃어버렸다.
311, mind, 마음/ 정신, Tell me what you have in mind., 마음 속에 있는 것을 말해봐.
312, produce, 생산하다, This factory produces cheese., 이 공장은 치즈를 생산한다.
313, while, ~하는 동안, Did you call me while I was out?, 내가 없는 동안 전화했었니?
314, complete, 완벽한/ 완전한, The list is not complete yet., 그 리스트는 아직 완벽하지 않다.
315, reuse, 재사용하다, I washed the bottle and reused it., 나는 그 병을 씻어서 재사용했다.
316, worried, 걱정스러운, I'm worried about the test tomorrow., 내일 시험이 걱정된다.
317, grade, 등급, We sell the best grade of meat., 우리는 최상급 고기를 판매합니다.
318, event, 사건/ 행사, The flood was the main event of this year., 그 홍수는 올해의 주요 사건이었다.
319, vote, 투표하다, People voted for a new president., 사람들은 새로운 대통령을 뽑기 위해 투표했다.
320, gallery, 화랑, I like visiting art galleries., 나는 미술관에 가는 것을 좋아한다.
321, newborn, 갓 태어난, The nurse is holding a newborn baby., 그 간호사는 갓난아기를 안고 있다.
322, gather, 모이다, A lot of fans gathered around the actor., 많은 팬들이 그 배우 주위로 모여들었다.
323, even, ~조차(도), Even a child can answer it., 그것은 어린아이조차 대답할 수 있다.
324, illegal, 불법적인, It is illegal to copy this program., 이 프로그램을 복제하는 것은 불법이다.
325, diamond, 다이아몬드, She is wearing a diamond ring., 그녀는 다이아몬드 반지를 끼고 있다.
326, core, 핵심, That is the core of the problem., 그것이 그 문제의 핵심이다.
327, ghost, 유령, I saw a ghost in the old house., 나는 그 오래된 집에서 유령을 보았다.
328, golden, 금빛의, She has golden hair., 그녀는 금빛 머리카락을 가지고 있다.
329, field, 들판/ 벌판, Horses are eating grass in the field., 말들이 들판에서 풀을 뜯고 있다.
330, parade, 퍼레이드, We watched the parade at the festival., 우리는 축제에서 퍼레이드를 구경했다.
331, abroad, 해외에/ 해외로, My uncle lives abroad., 우리 삼촌은 해외에 산다.
332, double, 이중의, I opened the double windows., 나는 이중창을 열었다.
333, breathe, 숨 쉬다, I can't breathe through my nose., 코로 숨 쉴 수가 없다.
334, wax, 밀랍, The candle is made of wax., 그 양초는 밀랍으로 만들어졌다.
335, bolt, 볼트/ 나사, I need a nut to fit this bolt., 이 볼트에 맞는 너트 하나가 필요해.
336, sum, 금액/ 합계, He spent the sum of $500., 그는 500달러의 돈을 썼다.
337, merry, 명랑한/ 즐거운, We had a merry time at the party., 우리는 그 파티에서 즐거운 시간을 보냈다.
338, fortune, 재산/ 운, He left a large fortune to his daughter., 그는 딸에게 막대한 재산을 남겼다.
339, wrap, 포장하다, I wrapped the present in pink paper., 나는 분홍색 종이로 선물을 포장했다.
340, rude, 무례한, Don't be rude to the elderly., 어른들에게 버릇없이 굴지 마라.
341, per, 각 ~에 대해, The ticket costs $10 per person., 티켓은 1인당 10달러이다.
342, alive, 살아 있는, My grandmother is still alive., 할머니는 아직 살아 계신다.
343, imagine, 상상하다, Imagine that you can fly., 네가 하늘을 날 수 있다고 상상해봐.
344, root, 뿌리, The roots of the tree go deep., 그 나무의 뿌리는 깊이 뻗어 있다.
345, bump, 부딪치다, She bumped her head against the door., 그녀는 문에 머리를 부딪쳤다.
346, meeting, 회의, He is in a meeting right now., 그는 지금 회의 중입니다.
347, swing, 흔들다, I swung my arms from side to side., 나는 팔을 좌우로 흔들었다.
348, report, 보고서, Did you finish writing your report?, 보고서는 다 썼니?
349, million, 백만[100만], The car costs three million dollars., 그 차는 3백만 달러이다.
350, either, (둘 중) 어느 한 쪽, Either will be fine with me., 저는 어느 쪽이든 좋습니다.
351, path, 길/ 진로, They walked along the forest path., 그들은 숲 속 길을 따라 걸었다.
352, stupid, 어리석은, It was stupid of us to believe him., 그를 믿다니 우리는 정말 어리석었다.
353, mud, 진흙, He got the mud off his pants., 그는 바지에 묻은 진흙을 털어냈다.
354, upper, 위에 있는, The bedroom is on the upper floor., 침실은 위층에 있다.
355, nearly, 거의, I see him nearly every day., 나는 거의 매일 그를 본다.
356, puzzle, 퍼즐, I like crossword puzzles., 나는 크로스워드 퍼즐을 좋아한다.
357, quickly, 빨리, The clouds are moving quickly., 구름이 빨리 움직이고 있다.
358, though, 비록 ~이지만, Though she was sick/ she went to school., 몸이 아팠지만 그녀는 학교에 갔다.
359, kiss, 입맞추다, He kissed her on the cheek., 그는 그녀의 볼에 입을 맞췄다.
360, maple, 단풍나무, Maple leaves turn red in fall., 단풍잎은 가을에 붉게 물든다.
361, purse, (여성용) 지갑, She took some money out of her purse., 그녀는 지갑에서 돈을 꺼냈다.
362, excite, 들뜨게 하다, The beautiful scene excited us., 그 아름다운 장면은 우리를 들뜨게 했다.
363, dot, (동그란) 점, Put a dot on the paper., 종이에 점 하나를 찍으세요.
364, design, 디자인/ 설계, I like the design of that car., 나는 저 차의 디자인이 마음에 든다.
365, cough, 기침하다, She had a fever and coughed a lot., 그녀는 열이 있었고 기침을 많이 했다.
366, none, 아무[하나]도 ~않다, None of my friends went to his party., 내 친구들 중 아무도 그의 파티에 가지 않았다.
367, awake, 깨어 있는, I was awake until midnight., 나는 자정까지 깨어 있었다.
368, luck, 행운, Please wish me luck., 제게 행운을 빌어주세요.
369, monster, 괴물, The story is about a monster with one eye., 그 이야기는 눈이 하나인 괴물에 관한 것이다.
370, wheel, 바퀴, Most cars have four wheels., 대부분의 자동차는 바퀴가 네 개이다.
371, signal, 신호, She gave the signal to stop., 그녀는 멈추라는 신호를 주었다.
372, protect, 보호하다, Wear sunglasses to protect your eyes., 눈을 보호하기 위해 선글라스를 써라.
373, couple, 한 쌍/ 두 개, A couple of men sat behind me., 남자 두 명이 내 뒤에 앉았다.
374, volume, 음량, Can you turn up the volume of the TV?, TV 음량 좀 높여줄래?
375, gain, (노력해서) 얻다, I gained good grades in the exam., 나는 시험에서 좋은 성적을 얻었다.
376, tax, 세금, The total is $13.2 with tax., 세금 포함 총 13.2달러입니다.
377, metal, 금속, The door is made of metal., 그 문은 금속으로 만들어져 있다.
378, memo, 메모, I wrote a memo to my friend., 나는 친구에게 메모를 썼다.
379, unfair, 불공평한, It's unfair to give me such hard work., 그렇게 힘든 일을 나에게 주는 것은 불공평하다.
380, graphic, 그림[도표]의, She is a graphic designer., 그녀는 그래픽 디자이너이다.
381, poem, 시, I wrote a poem about love., 나는 사랑에 관한 시를 썼다.
382, tool, 도구/ 연장, He is working with a tool., 그는 연장을 가지고 일하고 있다.
383, beard, 턱수염, The man with the long beard is my father., 그 턱수염이 긴 남자는 우리 아빠이다.
384, rough, 거친/ 대강의, The mountain road was rough., 그 산길은 거칠었다.
385, social, 사회의, This is a serious social problem in Korea., 이것은 한국에서 심각한 사회 문제이다.
386, universe, 우주, Many scientists are studying the universe., 많은 과학자들이 우주를 연구하고 있다.
387, cooking, 요리, I like my mother's cooking., 나는 엄마의 요리를 좋아한다.
388, fake, 가짜의, The police found some fake money., 경찰이 위조 지폐를 발견했다.
389, master, 대가/ 명수, She is a master of chess., 그녀는 체스의 대가이다.
390, image, 이미지/ 인상, He is trying to change his image., 그는 자신의 이미지를 바꾸기 위해 노력하고 있다.
391, backward, 뒤쪽으로, They were walking backward., 그들은 뒤로 걷고 있었다.
392, truth, 진실, Nobody knows the truth., 아무도 진실을 모른다.
393, seed, 씨앗, I planted the apple seeds in my garden., 나는 정원에 사과 씨앗들을 심었다.
394, accident, 사고, I broke my leg in the car accident., 나는 그 자동차 사고로 다리가 부러졌다.
395, fit, 꼭 맞다, Do these shoes fit your feet?, 이 신발이 발에 맞니?
396, base, 기초/ 토대, The base of the building is very strong., 그 건물의 기초는 매우 튼튼하다.
397, pain, 통증/ 고통, I have a pain in my back., 등에 통증이 있어요.
398, huge, 거대한, That huge building is a museum., 저 큰 건물은 박물관이다.
399, forward, 앞쪽으로, She pulled the chair forward., 그녀는 의자를 앞으로 당겼다.
400, century, 1세기, The picture was painted in the 14th century., 그 그림은 14세기에 그려졌다.
401, ceiling, 천장, This room has a high ceiling., 이 방은 천장이 높다.
402, chief, 최고위의/ 우두머리, He became the chief editor., 그는 편집장이 되었다.
403, vision, 시력/ 비전, I have good vision., 나는 시력이 좋다.
404, host, 주인/ 진행자, The host gave us a friendly welcome., 그 주인은 우리를 다정하게 맞았다.
405, pimple, 여드름, I have pimples on my face., 내 얼굴에 여드름이 났다.
406, shot, (총기) 발사, He fired two shots from his gun., 그는 총을 두 발 발사했다.
407, modern, 현대의, I read a book about modern history., 나는 현대사에 관한 책을 읽었다.
408, whole, 전체의, The whole family has caught colds., 가족 모두가 감기에 걸렸다.
409, jar, 병/ 단지, Can you open this jam jar for me?, 이 잼 병 좀 열어줄래요?
410, raindrop, 빗방울, A raindrop fell on my head., 비 한 방울이 내 머리에 떨어졌다.
411, powerful, 영향력 있는, He is rich and powerful., 그는 부유하고 영향력이 있다.
412, handmade, 수제의, I bought a pair of handmade shoes., 나는 수제 구두 한 켤레를 샀다.
413, source, 원천/ 근원, The sun is a good energy source., 태양은 좋은 에너지원이다.
414, castle, 성, A castle stands on the hill., 성 하나가 언덕 위에 있다.
415, surround, 둘러싸다, The mountains surround the town., 산들이 그 마을을 둘러싸고 있다.
416, chance, 가능성/ 기회, The chance of rain is 60%., 비가 올 가능성은 60%이다.
417, aloud, 소리 내어, Read this page aloud., 이 페이지를 소리 내어 읽으세요.
418, trousers, 바지, The boy is wearing a new pair of trousers., 그 소년은 새 바지를 입고 있다.
419, sweat, 땀, I cleaned the sweat off my face., 나는 얼굴에 땀을 닦았다.
420, single, 단 하나의, We lost the game by a single point., 우리는 단 1점차로 경기에 졌다.
421, bundle, 묶음/ 다발, They sell paper in bundles., 그들은 종이를 묶음으로 판다.
422, debt, 빚/ 부채, I don't have money to pay my debt., 나는 빚을 갚을 돈이 없다.
423, bar, 막대기; 창살, There were bars on the windows., 그 창문에는 창살(들)이 있었다.
424, society, 사회/ 공동체, Children are the future of our society., 아이들은 우리 사회의 미래이다.
425, mask, 마스크/ 가면, I wore a mask because I had a cold., 나는 감기에 걸려서 마스크를 썼다.
426, quietly, 조용히, He closed the door quietly., 그는 조용히 문을 닫았다.
427, circus, 서커스, I took my son to the circus., 나는 아들을 서커스에 데려갔다.
428, bullet, 총알, His left shoulder was hit by a bullet., 그의 왼쪽 어깨가 총알에 맞았다.
429, upon, ~위에, Place the dishes upon the table., 접시들을 식탁 위에 놓아라.
430, chain, 사슬, She kept her dog on a chain., 그녀는 개를 사슬에 묶어 놓았다.
431, plenty, 많음/ 충분, I got plenty of sleep yesterday., 나는 어제 잠을 충분히 잤다.
432, heaven, 천국, They believe in God and heaven., 그들은 하느님과 천국을 믿는다.
433, chemical, 화학적인, The factory makes chemical products., 그 공장은 화학 제품을 만든다.
434, courage, 용기, I didn't have the courage to do it., 나는 그것을 할 용기가 없었다.
435, spirit, 마음/ 정신, I am still young in spirit., 나는 아직 마음은 젊다.
436, code, 암호/ 부호, We send important reports in code., 우리는 중요한 보고서는 암호화하여 보낸다.
437, fabric, 천/ 직물, These pants are made with good fabric., 이 바지는 좋은 천으로 만들어졌다.
438, minimum, 최소/ 최저, I work a minimum of eight hours a day., 나는 하루에 최소 8시간을 일한다.
439, bunch, 다발, I bought a bunch of flowers., 나는 꽃 한 다발을 샀다.
440, sour, (맛이) 신, Lemons taste sour., 레몬은 신맛이 난다.
441, wallpaper, 벽지, I chose the wallpaper for the bedroom., 나는 침실 벽지를 골랐다.
442, beyond, ~의 저편에, There is a village beyond the river., 그 강 너머에는 마을이 있다.
443, forever, 영원히, Nobody can live forever., 아무도 영원히 살지는 못한다.
444, reason, 이유/ 원인, What is the reason for your visit?, 방문한 이유가 무엇입니까?
445, schedule, 일정, I have a busy schedule today., 나는 오늘 일정이 바쁘다.
446, death, 죽음, Her death really broke my heart., 그녀의 죽음은 나를 매우 상심하게 했다.
447, such, 그러한, I didn't do such a thing., 저는 그런 행동은 하지 않았어요.
448, journey, 여행, She made a journey to Italy., 그녀는 이탈리아를 여행했다.
449, handle, (일을) 처리하다, You handled the problem well., 네가 문제를 잘 처리했구나.
450, cancer, 암, She died of cancer last year., 그녀는 작년에 암으로 죽었다.
451, worth, (~할) 가치가 있는, This book is worth reading., 이 책은 읽을 가치가 있다.
452, giant, 거인, That man is as big as a giant., 저 남자는 거인만큼 덩치가 크다.
453, frankly, 솔직히, He always speaks frankly., 그는 항상 솔직하게 말한다.
454, lawyer, 변호사, I talked to a lawyer about the matter., 나는 그 문제에 관해 변호사와 상담했다.
455, bare, 살을 드러낸, They walked around in bare feet., 그들은 맨발로 걸어 다녔다.
456, announcer, 아나운서, He is a television announcer., 그는 TV 아나운서이다.
457, gap, 갈라진 틈, I saw her through a gap in the wall., 나는 벽 틈으로 그녀를 보았다.
458, praise, 칭찬하다, We praised her cooking., 우리는 그녀의 요리를 칭찬했다.
459, patient, 환자, The nurse looked after the patient., 간호사는 그 환자를 돌보았다.
460, daytime, 낮/ 주간, I won't be home during the daytime., 나는 낮 동안 집에 없을 것이다.
461, safety, 안전, Please put on this helmet for your safety., 안전을 위해 이 헬멧을 착용해 주세요.
462, frame, 틀/ 액자, She painted the door frame., 그녀는 문틀을 페인트칠했다.
463, booth, 작은 공간/ 부스, There's a phone booth around the corner., 모퉁이에 공중전화 부스가 있다.
464, journal, 잡지/ 학술지, He is reading a medical journal., 그는 의학 학술지를 읽고 있다.
465, silence, 고요/ 정적, The doorbell broke the silence., 초인종 소리가 정적을 깼다.
466, hunger, 배고픔, The baby cried from hunger., 그 아기는 배가 고파서 울었다.
467, conduct, 수행[처리]하다, Scientists conducted a study., 과학자들이 연구를 수행했다.
468, switch, 스위치, Turn on the light switch., 전등 스위치를 켜라.
469, spaceship, 우주선, The spaceship landed on Mars., 그 우주선은 화성에 착륙했다.
470, violent, 폭력적인, There are many violent scenes in this movie., 이 영화에는 폭력적인 장면이 많다.
471, bend, 굽히다; 숙이다, She bent down and picked up the coin., 그녀는 몸을 숙여서 그 동전을 주웠다.
472, haircut, 이발, I got a haircut yesterday., 나는 어제 이발을 했다.
473, seafood, 해산물, I know a nice seafood restaurant., 괜찮은 해산물 요리 식당을 알아요.
474, enemy, 적/ 적군, The two friends became enemies., 그 두 친구는 적이 되었다.
475, pedal, (자전거) 페달, I can't reach the bicycle pedals., 자전거 페달에 발이 안 닿아.
476, therefore, 그러므로, He's only 17/ therefore he can't vote., 그는 겨우 17세이므로/ 투표할 수 없다.
477, junk, 쓸모 없는 물건, Throw away the junk in your drawer., 서랍 속의 쓸모 없는 물건은 버려라.
478, diligent, 성실한, He is a very diligent student., 그는 매우 성실한 학생이다.
479, position, 위치, Place it in a sunny position., 그것을 햇빛이 잘 드는 위치에 놓아라.
480, discuss, 논의하다, I discussed the matter with my friends., 나는 친구들과 그 문제를 논의했다.
481, boss, (직장의) 상사, The woman is my boss., 그 여자분이 제 상사예요.
482, target, 목표, My target is to score 20 goals., 내 목표는 20골을 기록하는 것이다.
483, lastly, 마지막으로, Lastly/ I'd like to thank my parents., 마지막으로 부모님께 감사드리고 싶습니다.
484, candle, 양초, She lit the candle., 그녀는 양초에 불을 붙였다.
485, instant, 즉각적인, The book was an instant success., 그 책은 즉각적인 성공을 거두었다.
486, virus, 바이러스, Colds are caused by a virus., 감기는 바이러스에 의해 발생한다.
487, deaf, 귀가 먼, He is deaf in his right ear., 그는 오른쪽 귀가 멀었다.
488, chart, 표/ 도표, See the chart on the next page., 다음 페이지의 도표를 보세요.
489, beside, ~의 옆에, He sat down beside her., 그는 그녀의 옆에 앉았다.
490, alphabet, 알파벳, There are 26 letters in the English alphabet., 영어 알파벳에는 26개의 문자가 있다.
491, honor, 경의/ 존경, I give my honor to your effort., 당신의 노력에 경의를 표합니다.
492, screen, 화면, Please look at the screen for a moment., 잠시 화면을 봐 주세요.
493, detail, 세부 사항, They told me every detail of the trip., 그들은 그 여행의 모든 세부 사항을 말해 주었다.
494, offer, 제안하다, He offered to clean the room., 그가 방을 청소하겠다고 했다.
495, aid, 도움, I can't see well without the aid of glasses., 나는 안경의 도움 없이는 잘 볼 수 없다.
496, instrument, 도구/ 악기, A pen is a writing instrument., 펜은 필기도구이다.
497, tomb, 무덤, They found paintings in the tomb., 그들은 무덤에서 그림들을 발견했다.
498, army, 군대, Her son is in the army., 그녀의 아들은 군대에 있다.
499, shore, 기슭/ 해변, We swam to the shore., 우리는 해변까지 헤엄쳐 갔다.
500, reply, 대답하다, I replied to her question., 나는 그녀의 질문에 대답했다.
501, effect, 효과/ 영향, The war had a big effect on his life., 그 전쟁은 그의 삶에 큰 영향을 미쳤다.
502, succeed, (~에) 성공하다, I succeeded in finding a job., 나는 일자리를 구하는 데 성공했다.
503, garage, 차고, She put her car in the garage., 그녀는 차를 차고에 넣었다.
504, awful, 끔찍한/ 지독한, The weather is awful today., 오늘은 날씨가 끔찍하네요.
505, habit, 습관/ 버릇, He has bad sleeping habits., 그는 잠버릇이 나쁘다.
506, divide, 나누다, Please divide this into three parts., 이것을 삼등분 해주세요.
507, extra, 추가의, I often work extra hours., 나는 종종 추가 시간을 근무한다.
508, certainly, 틀림없이, I certainly told the truth., 나는 틀림없이 진실을 말했다.
509, beg, 간청하다, We begged him to help us., 우리는 그에게 도와달라고 간청했다.
510, peace, 평화, We have lived in peace for many years., 우리는 오랜 세월 동안 평화롭게 살아왔다.
511, chore, 허드렛일, She is doing household chores., 그녀는 집안일을 하고 있다.
512, sore, 아픈/ 따가운, I can't walk because my feet are sore., 나는 발이 아파서 걸을 수가 없다.
513, narrow, (폭이) 좁은, I was walking down the narrow street., 나는 좁은 길을 걷고 있었다.
514, friendship, 교우 관계/ 우정, They formed a close friendship., 그들은 돈독한 교우 관계를 형성했다.
515, hardly, 거의 ~않다, She hardly ever goes to movies., 그녀는 거의 영화를 보러 가지 않는다.
516, trick, 속임수, That was a very dirty trick., 그것은 매우 지저분한 속임수였다.
517, wave, 파도, We played in the waves., 우리는 파도를 타며 놀았다.
518, silly, 바보 같은, She asked a silly question., 그녀는 바보 같은 질문을 했다.
519, blend, 섞다, Blend the eggs and sugar., 달걀과 설탕을 섞어라.
520, poetry, 시/ 시가, I like poetry more than novels., 나는 소설보다 시를 더 좋아한다.
521, humor, 유머, The story is full of humor., 그 이야기는 유머로 가득하다.
522, exact, 정확한, That is an exact answer., 그것은 정확한 답변이다.
523, comfort, 편안함, They want to live in comfort., 그들은 편안하게 살고 싶어한다.
524, iron, 철/ 쇠, Iron is a kind of metal., 철은 금속의 한 종류이다.
525, fault, 잘못/ 과실, It's not your fault., 그건 네 잘못이 아니야.
526, birth, 탄생/ 출생, The baby weighed 4 kg at birth., 그 아기는 태어났을 때 4kg이었다.
527, scream, 소리치다, He screamed at me to get out., 그는 내게 나가라고 소리쳤다.
528, pack, (짐을) 싸다, I packed my bag and left home., 나는 가방을 싸서 집을 떠났다.
529, peel, 껍질을 벗기다, Peel the potatoes and cut them., 감자 껍질을 벗기고 잘라라.
530, repair, 수리[수선]하다, He repaired his old clock., 그는 오래된 시계를 수리했다.
531, afraid, 두려워하는, The boy is afraid of dogs., 그 소년은 개를 무서워한다.
532, goddess, 여신, Venus is the goddess of love., 비너스는 사랑의 여신이다.
533, muscle, 근육, A massage can relax your muscles., 마사지는 근육의 긴장을 풀어줄 수 있습니다.
534, billion, 10억, Over one billion people live in China., 10억 이상의 인구가 중국에 살고 있다.
535, slice, (얇게 썬) 조각, I ate three slices of pizza., 나는 피자 세 조각을 먹었다.
536, wire, 철사, I need a tool to cut this wire., 이 철사를 자를 도구가 필요해.
537, battle, 전투, Many soldiers died in the battle., 많은 군인들이 그 전투에서 죽었다.
538, duty, 의무, He did his duty as a parent., 그는 부모로서 의무를 다했다.
539, rate, 속도/ 비율, Children grow up at different rates., 아이들은 서로 다른 속도로 자란다.
540, champion, 챔피언, He is the world swimming champion., 그는 세계 수영 챔피언이다.
541, compass, 나침반, A compass needle is pointing north., 나침반의 바늘이 북쪽을 가리키고 있다.
542, worm, 벌레, Birds are looking for worms., 새들이 벌레를 찾고 있다.
543, importance, 중요성, He stressed the importance of good health., 그는 건강의 중요성을 강조했다.
544, whenever, ~할 때마다, I listen to music whenever I have time., 나는 시간이 날 때마다 음악을 듣는다.
545, hug, 껴안다, My grandmother hugged me., 할머니는 나를 껴안았다.
546, area, 지역, It will rain in some areas., 몇몇 지역에는 비가 내리겠습니다.
547, anybody, 누구든/ 아무도, Don't tell it to anybody., 아무한테도 그것을 말하지 마라.
548, stripe, 줄무늬, He wore a white shirt with black stripes., 그는 검은색 줄무늬가 있는 흰 셔츠를 입었다.
549, fear, 공포/ 두려움, She cried out in fear., 그녀는 두려움에 소리를 질렀다.
550, product, 제품, Our new product sells well., 우리의 신제품은 잘 팔린다.
551, print, 인쇄[출판]하다, I'm printing a copy of the report., 나는 보고서 사본을 인쇄하고 있다.
552, spin, 회전시키다, Can you spin a basketball on your finger?, 너 손가락으로 농구공을 돌릴 수 있니?
553, human, 인간의, Smoking is bad for the human body., 흡연은 인체에 해롭다.
554, strike, 치다/ 때리다, I struck him in the face., 나는 그의 얼굴을 때렸다.
555, gesture, 몸짓/ 제스처, He made a gesture to rise., 그는 일어나겠다는 제스처를 취했다.
556, apart, (공간상으로) 떨어져, She stood apart from us., 그녀는 우리와 떨어져 서 있었다.
557, slip, 미끄러지다, He slipped in the bathroom., 그는 욕실에서 미끄러졌다.
558, bless, 축복하다, God bless you!, 당신에게 신의 축복이 있기를!
559, clever, 영리한, The girl is very clever for her age., 그 소녀는 나이에 비해 매우 영리하다.
560, maximum, 최대[최고]의, The maximum speed of the car is 240 km per hour., 그 차의 최고 속도는 시속 240km이다.
561, knit, 뜨개질하다, I knitted him a sweater., 나는 그에게 스웨터를 떠 주었다.
562, bit, 조금/ 약간, I feel a bit better., 기분이 조금 나아졌다.
563, guest, 손님, The event hall was full of guests., 행사장은 손님들로 붐볐다.
564, original, 원래[본래]의, Tell me about your original plan., 네 원래 계획을 말해봐.
565, cage, 새장, I put the bird in the cage., 나는 그 새를 새장에 넣었다.
566, storm, 폭풍, Many trees fell down in the storm., 많은 나무들이 그 폭풍에 쓰러졌다.
567, rise, 일어나다, They rose from their chairs., 그들은 의자에서 일어났다.
568, various, 다양한, This shop sells various kinds of flowers., 이 가게는 다양한 종류의 꽃을 판다.
569, rubber, 고무, Wear rubber gloves when you do the dishes., 설거지할 때는 고무장갑을 껴라.
570, surface, 표면, The surface of the table is rough., 그 탁자는 표면이 거칠다.
571, mount, 증가하다, My debts are mounting., 내 빚이 증가하고 있다.
572, medal, 메달, He won a gold medal in the Olympics., 그는 올림픽에서 금메달을 땄다.
573, equal, 동일한/ 같은, These boxes are equal in size., 이 상자들은 크기가 같다.
574, safely, 안전하게, The plane landed safely., 그 비행기는 무사히 착륙했다.
575, danger, 위험(성), Do you know the dangers of this medicine?, 이 약의 위험성에 대해 알고 있니?
576, slightly, 약간/ 조금, The sauce is slightly spicy., 그 소스는 약간 맵다.
577, zone, (특정한) 구역, This is a no-parking zone., 여기는 주차 금지 구역입니다.
578, shock, (심리적) 충격, The news was a shock to me., 그 소식은 나에게 충격이었다.
579, visitor, 방문객, My mom is welcoming visitors at the door., 엄마는 문에서 방문객들을 맞이하고 있다.
580, cotton, 면직물, He often wears cotton pants., 그는 종종 면바지를 입는다.
581, spill, 쏟다, I spilled coffee on the shirt., 나는 셔츠에 커피를 쏟았다.
582, entrance, 문/ 출입구, Where is the main entrance?, 정문이 어디죠?
583, climbing, 등반/ 등산, I went rock climbing last weekend., 나는 지난 주말에 암벽 등반을 갔다.
584, youth, 젊은 시절, Tell me about your youth., 당신의 젊은 시절에 대해 들려주세요.
585, amount, 양/ (돈의) 액수, I need a small amount of sugar., 나는 적은 양의 설탕이 필요하다.
586, passion, 열정/ 열망, He has a passion for his work., 그는 자신의 일에 대한 열정이 있다.
587, difference, 차이점, What is the difference between this and that?, 이것과 저것 간의 차이점이 무엇입니까?
588, layer, 층/ 겹, I wear many layers of clothing in winter., 나는 겨울에 옷을 여러 겹 입는다.
589, rhythm, 리듬, She danced to the rhythm of the music., 그녀는 그 음악의 리듬에 맞춰 춤을 추었다.
590, self, 자기/ 자신, He was not his usual self., 그는 평상시 자신의 모습이 아니었다.
591, strip, (옷을) 벗다, They stripped and jumped into the sea., 그들은 옷을 벗고 바다로 뛰어들었다.
592, basic, 기본적인, This is a basic rule of soccer., 이것은 축구의 기본 규칙이다.
593, appear, ~인 것 같다, He doesn't appear to be nervous., 그는 긴장한 것 같지 않다.
594, salty, 짭짤한, The soup is too salty., 그 수프는 너무 짜다.
595, sense, 감각, Dogs have a good sense of smell., 개는 후각이 뛰어나다.
596, pipe, 관/ 파이프, The water pipe froze in the cold weather., 추운 날씨에 수도관이 얼었다.
597, brick, 벽돌, We built a brick wall around the house., 우리는 집 둘레에 벽돌 담을 쌓았다.
598, respect, 존경(하다), They respected their father., 그들은 아버지를 존경했다.
599, skillful, 능숙한, He is skillful at looking after children., 그는 아이들을 돌보는 데 능숙하다.
600, studio, 스튜디오, The TV show is filmed in a studio., 그 TV 쇼는 스튜디오에서 촬영된다.
601, disease, 질병, She has a heart disease., 그녀는 심장병이 있다.
602, fortunately, 다행히, Fortunately/ we arrived there in time., 다행히 우리는 그곳에 제시간에 도착했다.
603, compare, 비교하다, She compared the computer with others., 그녀는 그 컴퓨터를 다른 것들과 비교해 보았다.
604, destroy, 파괴하다, A fire destroyed the whole town., 화재가 마을 전체를 파괴했다.
605, bow, (인사를 위해) 머리를 숙이다, I bowed to my teacher., 나는 선생님께 고개 숙여 인사했다.
606, campaign, 캠페인, We started a campaign to save water., 우리는 물 절약 캠페인을 시작했다.
607, loudly, 큰 소리로, Can you speak more loudly?, 더 크게 말해 줄래?
608, pose, 포즈[자세]를 취하다, She posed like a model., 그녀는 모델처럼 포즈를 취했다.
609, period, 기간, They didn't speak for a long period of time., 그들은 오랜 기간 서로 말을 하지 않았다.
610, crazy, 제정신이 아닌, You must be crazy to act like that., 그런 행동을 하다니 너는 미친 게 틀림없다.
611, clearly, 분명하게, That was clearly your mistake., 그것은 분명히 네 잘못이었다.
612, several, 몇몇의, I stayed home for several days., 나는 며칠 동안 집에 있었다.
613, astronaut, 우주비행사, My dream is to be an astronaut., 나의 꿈은 우주비행사가 되는 것이다.
614, discover, 발견하다, Who discovered America?, 누가 아메리카 대륙을 발견했니?
615, swimsuit, 수영복, I changed into my swimsuit., 나는 수영복으로 갈아입었다.
616, advise, 충고하다, The doctor advised me to get some rest., 의사는 나에게 휴식을 좀 취하라고 충고했다.
617, doubt, 의심하다, We never doubted her story., 우리는 그녀의 이야기를 전혀 의심하지 않았다.
618, create, 창조하다, They created a new culture., 그들은 새로운 문화를 창조했다.
619, accent, 억양, She speaks with a French accent., 그녀는 프랑스 억양으로 이야기한다.
620, background, (사람의) 배경, He has a good family background., 그는 집안 배경이 좋다.
621, process, 과정/ 절차, Playing is also a learning process., 노는 것 또한 학습 과정이다.
622, northern, 북쪽에 위치한, I traveled to a northern part of Japan., 나는 일본 북부 지역을 여행했다.
623, opposite, 반대편[맞은편]에, He was sitting opposite us., 그는 우리 맞은편에 앉아 있었다.
624, raw, 날것의, She cannot eat raw fish., 그녀는 날생선은 먹지 못한다.
625, dislike, 싫어하다, I really dislike the cold weather., 나는 추운 날씨를 정말 싫어해.
626, bet, 돈을 걸다, I bet $5 on the game., 나는 그 경기에 5달러를 걸었다.
627, examination, 시험, I took a science examination., 나는 과학 시험을 봤다.
628, spray, 뿌리다, He sprayed perfume on his arms., 그는 팔에 향수를 뿌렸다.
629, nephew, (남자) 조카, She bought a toy for her nephew., 그녀는 조카를 위해 장난감을 샀다.
630, weekday, 평일, We only work on weekdays., 우리는 평일에만 일한다.
631, ever, 언젠가/ 지금까지, Have you ever been to Canada?, 지금까지 캐나다에 가 본 적 있니?
632, decide, 결정하다, She decided to buy the car., 그녀는 그 차를 사기로 결심했다.
633, congratulation, 축하 (인사), Please send my congratulations to him., 그에게 축하한다고 전해주세요.
634, anywhere, 어디든지, You can sit anywhere., 어디든 앉아도 좋다.
635, hike, 하이킹[도보 여행], My family went on a hike on Sunday., 우리 가족은 일요일에 하이킹을 갔다.
636, business, 사업; 거래, I want to do business with you., 당신과 거래하고 싶습니다.
637, choir, 합창단, The choir stood up to sing., 그 합창단은 노래하려고 일어났다.
638, locker, 사물함, I left my books in my school locker., 나는 학교 사물함에 책들을 두고 왔다.
639, sightseeing, 관광, They went to Rome to go sightseeing., 그들은 관광을 하러 로마에 갔다.
640, throat, 목/ 목구멍, She had a sore throat., 그녀는 목이 아팠다.
641, nervous, 긴장한/ 불안한, I feel nervous before a test., 나는 시험 전에는 긴장된다.
642, hurricane, 허리케인, The house lost its roof in the hurricane., 허리케인으로 그 집의 지붕이 날아갔다.
643, spread, 펴다/ 펼치다, He spread the map on the floor., 그는 바닥에 그 지도를 펼쳤다.
644, brain, 뇌, How does the human brain work?, 인간의 뇌는 어떻게 작동합니까?
645, rapidly, 급속히, Our company is growing very rapidly., 우리 회사는 매우 급속히 성장하고 있다.
646, riddle, 수수께끼, I can't solve this riddle., 이 수수께끼를 못 풀겠어.
647, seem, ~처럼 보이다, You seem really happy today., 오늘 굉장히 행복해 보여요.
648, fountain, 분수, There was a fountain in the park., 그 공원에는 분수가 있었다.
649, cancel, 취소하다, The game was cancelled because of the rain., 그 경기는 비 때문에 취소되었다.
650, attack, 공격, Their attack began at night., 그들의 공격은 밤에 시작되었다.
651, tap, 수도꼭지, Did you turn off the tap?, 수도꼭지 잠갔니?
652, ease, 쉬움, We beat the team with ease., 우리는 그 팀을 쉽게 이겼다.
653, lay, 놓다/ 두다, I laid my keys on the table., 나는 열쇠를 탁자 위에 놓았다.
654, branch, 나뭇가지, He broke a branch off the tree., 그는 그 나무에서 가지 하나를 꺾었다.
655, cardboard, 판지/ 마분지, The gift was in a cardboard box., 그 선물은 판지 상자에 담겨 있었다.
656, possible, 가능한, Is it possible to get a train ticket?, 기차표를 구하는 것이 가능합니까?
657, tribe, 종족/ 부족, The Masai are a tribe in Africa., 마사이족은 아프리카에 있는 부족이다.
658, dirt, 먼지/ 때, This soap washes off dirt well., 이 비누는 때가 잘 빠진다.
659, eastern, 동쪽의, The city is on the eastern side of the mountain., 그 도시는 산의 동쪽에 있다.
660, balance, (몸의) 균형, He lost his balance and fell., 그는 균형을 잃고 넘어졌다.
661, animation, 애니메이션, We went to watch an animation movie., 우리는 애니메이션 영화를 보러 갔다.
662, pattern, (사고·행동) 패턴, How about changing your life pattern?, 생활 패턴을 바꾸는 게 어때?
663, equally, 똑같이, Both of you are equally important to me., 너희 둘 다 나에게 똑같이 소중해.
664, data, 자료, We gathered data for the study., 우리는 그 연구를 위해 자료를 수집했다.
665, niece, 조카딸, My niece was born yesterday., 내 조카딸이 어제 태어났다.
666, invent, 발명하다, The Wright brothers invented the airplane., 라이트 형제는 비행기를 발명했다.
667, value, 가치/ 가격, The value of the house doubled., 그 집의 가격은 두 배가 되었다.
668, steel, 강철, The bridge is made of steel., 그 다리는 강철로 만들어져 있다.
669, within, ~이내에[안에], I'll call you within 10 minutes., 10분 이내에 전화 드릴께요.
670, regular, 정기적인, We have a regular meeting on Sundays., 우리는 일요일마다 정기 모임을 가집니다.
671, feather, 깃털, All birds have feathers., 모든 새는 깃털이 있다.
672, capital, 수도, Seoul is the capital of Korea., 서울은 한국의 수도이다.
673, asleep, 잠든, The baby is asleep in bed., 그 아기는 침대에서 잠들어 있다.
674, fold, 접다, Fold the paper in half., 종이를 반으로 접으세요.
675, idiom, 숙어, I learn five English idioms every day., 나는 매일 다섯 개의 영어 숙어를 배운다.
676, connect, 연결하다, I connected the printer to my computer., 나는 그 프린터를 내 컴퓨터에 연결했다.
677, pace, 속도, Can we walk at a slower pace?, 더 느린 속도로 걸어도 될까요?
678, lend, 빌려주다, I lent my book to him., 나는 그에게 내 책을 빌려주었다.
679, memory, 기억(력), She has a good memory for names., 그녀는 이름을 잘 기억한다.
680, lean, (몸을) 숙이다, I leaned over the desk., 나는 책상 위로 몸을 숙였다.
681, escape, 탈출하다, They escaped from prison., 그들은 감옥에서 탈출했다.
682, subject, 주제, Can we change the subject?, 주제를 바꿔 볼까요?
683, success, 성공, Hard work is the key to success., 노력이 성공의 비결이다.
684, nest, (새의) 둥지, The bird laid its eggs in the nest., 그 새는 둥지에 알을 낳았다.
685, mop, 대걸레, Clean the kitchen with a mop., 대걸레로 부엌을 청소해라.
686, beggar, 거지, I gave some coins to the beggar., 나는 그 거지에게 동전 몇 개를 주었다.
687, pile, 쌓아 놓은 것/ 더미, There is a pile of dirty clothes in my room., 내 방에 더러운 옷 한 더미가 있다.
688, victory, 승리, The match ended in our victory., 그 경기는 우리의 승리로 끝났다.
689, tire, 지치게 하다, The long trip tired her., 긴 여행이 그녀를 지치게 했다.
690, direct, 직접적인, What is the direct effect of it?, 그것의 직접적인 효과는 무엇입니까?
691, refuse, 거부하다, He refused to answer my question., 그는 내 질문에 대답하기를 거부했다.
692, soul, 영혼; 마음, I prayed for the souls of the dead., 나는 죽은 사람들의 영혼을 위해 기도했다.
693, photographer, 사진작가, She is a famous fashion photographer., 그녀는 유명한 패션 사진작가이다.
694, loss, 손실/ 손해, The flood caused a huge loss of life., 그 홍수는 큰 인명 손실을 가져왔다.
695, track, (밟아서 생긴) 길, Follow the track into the woods., 숲으로 난 길을 따라가라.
696, treasure, 보물, They buried the treasure in the ground., 그들은 보물을 땅에 묻었다.
697, steal, 훔치다, The boy stole money from the store., 그 소년은 가게에서 돈을 훔쳤다.
698, skin, 피부, Her skin is as white as snow., 그녀의 피부는 눈처럼 하얗다.
699, instead, 그 대신에, Mom was sick/ so I prepared dinner instead., 엄마가 아파서/ 대신에 내가 저녁을 준비했다.
700, university, (종합) 대학교, My brother is a university student., 우리 오빠는 대학생이다.
701, tag, 꼬리표, Did you put a name tag on it?, 거기에 이름표를 붙였니?
702, stare, 응시하다, Why is she staring at me?, 왜 그녀가 나를 빤히 쳐다보고 있지?
703, bill, 청구서, I have a lot of bills to pay., 지불해야 할 청구서가 많아.
704, tub, 통/ 물통, I picked up the tub of ice cream., 나는 그 아이스크림 통을 집었다.
705, brief, 짧은/ 단시간의, We had a brief meeting., 우리는 짧은 회의를 가졌다.
706, loose, 헐거운, The handle of the pot is loose., 냄비 손잡이가 헐겁다.
707, worse, 더 나쁜, His grades got worse than before., 그의 성적은 전보다 더 나빠졌다.
708, row, 열/ 줄, Please stand in two rows., 두 줄로 서 주세요.
709, downtown, 시내에서[로], Does this bus go downtown?, 이 버스는 시내로 가나요?
710, item, 항목/ 사항, What is the next item on the list?, 그 목록의 다음 항목은 뭐죠?
711, bitter, (맛이) 쓴, This tea has a bitter taste., 이 차는 쓴 맛이 난다.
712, action, 행동/ 조치, We need to take action right now., 지금 당장 조치를 취해야 한다.
713, schoolwork, 학교 공부, I'll help you with your schoolwork., 네 학교 공부를 도와줄게.
714, manner, 방식/ 태도, We work in the same manner., 우리는 같은 방식으로 일한다.
715, puppet, 인형/ 꼭두각시, The kids saw a puppet show., 그 아이들은 인형극을 보았다.
716, closely, 자세히/ 가까이, Watch my mouth closely., 제 입을 자세히 보세요.
717, coast, 해안, She drove along the coast., 그녀는 해안을 따라 차를 몰았다.
718, grain, 곡물, A man is feeding grain to horses., 한 남자가 말들에게 곡물을 먹이고 있다.
719, major, 주요한, What are the major problems of the city?, 그 도시의 주요 문제점들은 무엇입니까?
720, site, 현장/ 장소, The police reached the site of the accident., 경찰이 사고 현장에 도착했다.
721, slave, 노예, He worked all day like a slave., 그는 온종일 노예처럼 일했다.
722, choice, 선택(권), You have a choice of soda or coffee., 당신은 탄산 음료나 커피를 선택할 수 있습니다.
723, poison, 독/ 독약, The enemy used poison gas., 적군은 독가스를 사용했다.
724, tend, ~하는 경향이 있다, I tend to eat too much., 나는 과식하는 경향이 있다.
725, emotion, 감정, He doesn't show his emotions to others., 그는 다른 사람들에게 감정을 드러내지 않는다.
726, stove, 난로, Come over by the stove and warm up., 난로 가까이에 와서 몸을 녹이세요.
727, scold, 꾸짖다, The teacher scolded them for talking in class., 선생님은 수업 시간에 떠든 것에 대해 그들을 꾸짖었다.
728, guard, 경비[경호]원, There are guards at the entrance., 입구에 경비원들이 있다.
729, delight, 기쁨/ 즐거움, The children laughed with delight., 그 아이들은 기뻐서 웃었다.
730, thinker, 사상가, He was one of the greatest thinkers in history., 그는 역사상 가장 위대한 사상가들 중 한 명이었다.
731, smooth, 매끈한/ 순조로운, A baby's skin is very smooth., 아기의 살결은 매우 매끄럽다.
732, tune, 곡/ 음, I played a tune on the guitar., 나는 기타로 한 곡을 연주했다.
733, net, 그물, They threw the net into the sea., 그들은 바다로 그물을 던졌다.
734, mild, 가벼운/ 순한/ 따뜻한, He seems to be a mild man., 그는 순한 사람처럼 보인다.
735, hunter, 사냥꾼, The hunter caught a deer., 그 사냥꾼은 사슴 한 마리를 잡았다.
736, neighborhood, 지역/ 인근, We moved to a beautiful neighborhood., 우리는 아름다운 지역으로 이사를 갔다.
737, anger, 화/ 분노, I shouted at them in anger., 나는 화가 나서 그들에게 소리쳤다.
738, clerk, 점원, The store clerk is very kind., 그 가게 점원은 매우 친절하다.
739, prove, 증명[입증]하다, Prove that you are right., 네 말이 맞다는 것을 증명해봐.
740, remain, 여전히[계속] ~이다, She remained silent., 그녀는 계속 침묵하고 있었다.
741, ladder, 사다리, He is climbing up the ladder., 그는 사다리를 올라가고 있다.
742, heal, 치유되다, Her arm is healing nicely., 그녀의 팔은 잘 낫고 있다.
743, force, 힘, He pushed the rock with great force., 그는 엄청난 힘으로 그 바위를 밀었다.
744, afterward, 후에, Visit us again two weeks afterward., 2주 후에 다시 방문하세요.
745, plain, 분명한, The answer was quite plain., 그 답은 아주 분명했다.
746, actor, 배우, My favorite actor is in that movie., 내가 좋아하는 배우가 그 영화에 나온다.
747, average, 평균(의), The average age of my family is 25., 우리 가족의 평균 나이는 25세이다.
748, deny, 부인하다, He denied that he made a mistake., 그는 자신이 실수했다는 것을 부인했다.
749, wisely, 현명하게, Use your time wisely., 시간을 현명하게 사용해라.
750, fond, (~을) 좋아하는, I'm fond of riding my bicycle., 나는 자전거 타기를 좋아한다.
751, although, 비록 ~일지라도, Although he is old/ he is still active., 그는 비록 나이는 많지만 여전히 활동적이다.
752, supper, 저녁 식사, I usually have supper at 8 p.m., 나는 보통 오후 8시에 저녁 식사를 한다.
753, motto, 좌우명, My motto is “You can do it.”, 나의 좌우명은 '하면 된다'이다.
754, western, 서쪽의, Rome is in the western part of Italy., 로마는 이탈리아의 서부 지역에 있다.
755, fame, 명성, She gained a lot of fame as a singer., 그녀는 가수로서 많은 명성을 얻었다.
756, string, 끈/ 줄, Tie the box up with a string., 그 상자를 끈으로 묶어라.
757, link, 관련시키다, The accident is linked to his death., 그 사고는 그의 죽음과 연관이 있다.
758, found, 설립하다, They founded the school 10 years ago., 그들은 10년 전에 그 학교를 설립했다.
759, southern, 남쪽의, The teacher speaks with a southern accent., 그 선생님은 남부 지방 억양으로 말한다.
760, novel, 소설, Her new novel became a bestseller., 그녀의 새 소설은 베스트셀러가 되었다.
761, slight, 약간의, There is a slight change in the plan., 그 계획에 약간의 변동이 있다.
762, classic, 고전적인, I like the classic design., 나는 고전적인 디자인을 좋아한다.
763, scary, 무서운/ 두려운, She told me a scary story., 그녀는 내게 무서운 이야기를 해 주었다.
764, sudden, 갑작스러운, He felt a sudden pain in his legs., 그는 다리에 갑작스러운 통증을 느꼈다.
765, tube, (기체 등이 흐르는) 관, The patient was breathing through a tube., 그 환자는 튜브를 통해 숨을 쉬고 있었다.
766, relative, 친척, She is one of my relatives., 그녀는 내 친척 중 한 명이다.
767, survey, 설문 조사하다, We surveyed 500 people about the topic., 우리는 그 주제에 관해 500명에게 설문 조사를 했다.
768, smoke, 연기, The room is filled with smoke., 그 방은 연기로 가득 차 있다.
769, rival, 경쟁자, He beat his rival in the race., 그는 그 경주에서 경쟁자를 이겼다.
770, insert, 넣다/ 끼우다, I inserted the key in the lock., 나는 열쇠를 자물쇠에 끼웠다.
771, brand, 상표, What is the brand of your shoes?, 네 신발 상표가 뭐니?
772, defend, 방어하다, They defended their country against the enemy., 그들은 적에 대항하여 나라를 지켰다.
773, truly, 정말로/ 참으로, The show was truly amazing., 그 공연은 정말로 놀라웠다.
774, sticky, 끈적끈적한, The floor is very sticky., 바닥이 매우 끈적끈적하다.
775, vary, (서로) 다르다, The price varies from store to store., 가격은 가게마다 다르다.
776, neither, 어느 쪽도 ~아니다, Neither idea is good., 두 의견 다 좋지 않다.
777, humble, 겸손한, She was humble about her success., 그녀는 성공에 대해 겸손했다.
778, select, 선택하다, We should select one of these., 우리는 이것들 중 하나를 골라야 한다.
779, college, (단과) 대학, She entered college this year., 그녀는 올해 대학에 입학했다.
780, athlete, (운동)선수, The athlete will go to the Olympics., 그 운동선수는 올림픽에 나갈 것이다.
781, spot, 장소/ 점, It's a great spot for camping., 캠핑하기에 좋은 장소네요.
782, bite, 물다, The dog bit my left hand., 그 개가 내 왼손을 물었다.
783, origin, 기원/ 유래, This is a book about the origin of language., 이것은 언어의 기원에 관한 책이다.
784, indoor, 실내(용)의, Table tennis is an indoor sport., 탁구는 실내 운동이다.
785, navy, 해군, My brother joined the navy., 우리 오빠는 해군에 입대했다.
786, tight, (옷이) 꽉 끼는, This shirt is too tight., 이 셔츠는 너무 꽉 낀다.
787, attend, 출석[참석]하다, I attended his wedding., 나는 그의 결혼식에 참석했다.
788, shame, 부끄러움, I turned red with shame., 나는 부끄러워서 얼굴이 빨개졌다.
789, wavy, 물결 모양의, She has wavy black hair., 그녀는 웨이브가 있는 검은 머리이다.
790, banner, 현수막, They hung the banner between the trees., 그들은 나무들 사이에 그 현수막을 걸었다.
791, dew, 이슬, The flowers were wet with morning dew., 그 꽃들은 아침 이슬에 젖어 있었다.
792, port, 항구 (도시), The ship is leaving port., 그 배는 출항하고 있다.
793, crime, 범죄, The city has a high crime rate., 그 도시는 범죄율이 높다.
794, earthquake, 지진, Many buildings were destroyed by the earthquake., 많은 건물들이 그 지진으로 인해 파괴되었다.
795, failure, 실패, I learned a lesson from that failure., 나는 그 실패에서 교훈을 얻었다.
796, liberty, 자유, Our soldiers fought to defend liberty., 우리 군인들은 자유를 지키기 위해 싸웠다.
797, anytime, 언제든지, You can call me anytime., 내게 언제든지 전화해도 돼.
798, invitation, 초대, I received an invitation to his birthday party., 나는 그의 생일 파티에 초대를 받았다.
799, temple, 사원/ 절, We visited the old Buddhist temple., 우리는 그 오래된 절을 방문했다.
800, trust, 신뢰, I have a lot of trust in him., 나는 그를 매우 신뢰한다.
801, filter, 여과 장치, Did you check the air filter?, 공기 여과 장치를 확인했니?
802, damp, 축축한, My shirt is damp with sweat., 내 셔츠는 땀으로 축축하다.
803, diet, 식사; 식습관, You need to eat a more balanced diet., 너는 더 균형 잡힌 식사를 해야 한다.
804, chemistry, 화학, She teaches chemistry at a high school., 그녀는 고등학교에서 화학을 가르친다.
805, regret, 후회하다, I don't regret my decision., 나는 내 결정을 후회하지 않는다.
806, edge, 가장자리, He sat on the edge of the bed., 그는 침대 가장자리에 앉았다.
807, system, 체계/ 제도, The house has a good heating system., 그 집은 난방 체계가 잘 되어 있다.
808, strength, (육체적·정신적) 힘, I lost all the strength in my legs., 나는 다리에 힘이 빠졌다.
809, envelope, 봉투, There was a letter in the envelope., 봉투 안에는 편지 한 통이 들어 있었다.
810, cell, 세포, Our bodies are made up of cells., 우리 몸은 세포로 구성되어 있다.
811, sight, 시력, My grandmother has bad sight., 할머니는 시력이 나쁘다.
812, nor, ~도 또한 …아니다, It's neither hot nor cold today., 오늘은 덥지도 춥지도 않다.
813, shoot, 쏘다, He shot a gun at the target., 그는 그 표적을 향해 총을 쏘았다.
814, tender, 다정한, She looked at me with a tender smile., 그녀는 다정한 미소로 나를 바라보았다.
815, perhaps, 아마/ 어쩌면, Perhaps it will rain tomorrow., 아마 내일은 비가 올 것이다.
816, float, (물 위에) 뜨다, I can't float in the water., 나는 물에 뜨지 못한다.
817, national, 국가의/ 국가적인, The national flower of England is the rose., 영국의 국화는 장미이다.
818, feast, 연회/ 잔치, I enjoyed a feast with my family in the garden., 나는 정원에서 가족들과 연회를 즐겼다.
819, pardon, 용서(하다), Pardon me for being rude., 제 무례함을 용서하세요.
820, purpose, 목적, What is the purpose of your visit?, 방문 목적이 무엇입니까?
821, totally, 완전히, I totally forgot about her birthday., 나는 그녀의 생일에 대해 완전히 잊고 있었다.
822, title, 제목, Do you know the title of this song?, 이 노래의 제목을 아니?
823, blame, 비난하다, They blamed him for losing the game., 그들은 경기에 진 것에 대해 그를 비난했다.
824, fuel, 연료, The car uses a lot of fuel., 그 차는 연료가 많이 든다.
825, moonlight, 달빛, Moonlight shone between the clouds., 달빛이 구름 사이로 빛났다.
826, kindness, 친절/ 상냥함, Thank you for your kindness., 당신의 친절에 감사드립니다.
827, shut, 닫다, She shut the door quietly., 그녀는 조용히 문을 닫았다.
828, forgive, 용서하다, Please forgive my mistakes., 제 실수를 용서해 주세요.
829, usually, 보통, I usually walk to school., 나는 보통 걸어서 등교한다.
830, cast, 던지다, He cast a stone into the pond., 그는 연못에 돌을 던졌다.
831, deal, 처리하다/ 거래, Can you deal with the problem?, 그 문제를 처리할 수 있겠니?
832, growth, 성장/ 발육, Sunlight is important for a plant's growth., 햇빛은 식물의 성장에 중요하다.
833, volunteer, 지원자; 자원봉사자, I need a volunteer for the study., 그 연구의 지원자가 필요해.
834, typhoon, 태풍, The typhoon changed its course., 그 태풍은 진로를 바꾸었다.
835, roll, 구르다, A pen rolled under the table., 펜 하나가 탁자 밑으로 굴러갔다.
836, completely, 완전히, The machine was completely broken., 그 기계는 완전히 부서졌다.
837, scared, 겁에 질린, He isn't scared of failure., 그는 실패를 두려워하지 않는다.
838, speed, 속력/ 속도, The train runs at a high speed., 그 기차는 고속으로 달린다.
839, tour, 여행/ 관광, I went on a tour of China., 나는 중국으로 여행을 떠났다.
840, performance, 공연, When does the performance start?, 그 공연은 언제 시작하니?
841, happen, (사건 등이) 일어나다, The accident happened yesterday., 그 사고는 어제 일어났다.
842, condition, 상태, The car is in good condition., 그 차는 상태가 좋다.
843, independence, 독립, He gave his life for his country's independence., 그는 조국의 독립을 위해 목숨을 바쳤다.
844, fantasy, 공상/ 환상, She has a fantasy about love., 그녀는 사랑에 대해 환상이 있다.
845, worst, 최악의, It was the worst day of my life., 내 생애 최악의 날이었다.
846, cycle, 순환/ 주기, What causes the cycle of the seasons?, 계절의 순환이 일어나는 원인은 무엇입니까?
847, closet, 벽장, The closet is full of clothes., 그 벽장은 옷으로 가득 차 있다.
848, serve, 제공하다, Dinner is served at seven., 저녁 식사는 7시에 제공됩니다.
849, pleased, 기쁜, I'm pleased to hear the good news., 좋은 소식을 듣게 되어 기쁩니다.
850, owner, 주인, Are you the owner of this car?, 당신이 이 차의 주인입니까?
851, stomachache, 위통/ 복통, I had a stomachache after lunch., 나는 점심 후에 배가 아팠다.
852, waste, 낭비, It's a waste of money to buy it., 그것을 사는 건 돈 낭비이다.
853, suit, 정장, He likes to wear gray suits., 그는 회색 정장을 즐겨 입는다.
854, tease, 놀리다, Don't tease your little sister., 여동생을 놀리지 마라.
855, comfortable, 편안한, I feel very comfortable with my family., 나는 가족들과 있으면 매우 편안하다.
856, opinion, 의견, Tell me your opinion on the matter., 그 문제에 대한 네 의견을 말해봐.
857, order, 명령[지시]하다, He ordered me to sit down., 그는 내게 앉으라고 명령했다.
858, since, ~이래로, I've lived here since last year., 나는 작년부터 여기에 살고 있다.
859, bacteria, 박테리아, Some bacteria can cause diseases., 어떤 박테리아는 질병을 일으킬 수 있다.
860, digest, 소화시키다, Fried foods are difficult to digest., 튀긴 음식은 소화가 잘 안 된다.
861, scenery, 풍경/ 경치, We enjoyed the scenery at the beach., 우리는 해변에서 경치를 즐겼다.
862, information, 정보, This website has a lot of useful information., 이 웹사이트는 유용한 정보가 많다.
863, favor, 호의/ 부탁, Can I ask you a favor?, 부탁 하나 해도 될까요?
864, ordinary, 평범한, She is an ordinary office worker., 그녀는 평범한 회사원이다.
865, skip, 거르다/ 건너뛰다, I skipped breakfast today., 나는 오늘 아침을 걸렀다.
866, against, ~에 대항하여, He fought against the enemy., 그는 적군에 대항하여 싸웠다.
867, exhibition, 전시회, The museum is holding an art exhibition., 그 미술관은 미술 전시회를 열고 있다.
868, engineer, 기술자, The engineer took the engine apart., 그 기술자는 엔진을 분해했다.
869, introduce, 소개하다, Let me introduce myself., 제 소개를 하겠습니다.
870, treat, 대하다/ 치료하다, She treats me like a child., 그녀는 나를 아이처럼 대한다.
871, deliver, 배달하다, I deliver newspapers every morning., 나는 매일 아침 신문을 배달한다.
872, stretch, 늘이다; 늘어나다, This sweater stretches easily., 이 스웨터는 잘 늘어난다.
873, narrator, 서술자, The narrator in this novel is a little girl., 이 소설에서 서술자는 어린 소녀이다.
874, exercise, 운동, You should do more exercise., 당신은 운동을 더 해야 합니다.
875, crowded, 붐비는, The street was crowded with people., 거리는 사람들로 붐볐다.
876, mysterious, 신비한, The universe is a very mysterious place., 우주는 정말 신비한 곳이다.
877, spoil, 망치다, The rain spoiled our picnic., 비가 우리의 소풍을 망쳐 놓았다.
878, polar, 극지방의, The polar ice caps are melting., 극지방의 얼음 덩어리들이 녹고 있다.
879, movement, 동작/ 움직임, The movements of the dancer were beautiful., 그 무용수의 동작들은 아름다웠다.
880, height, 키/ 높이, He is 180 cm in height., 그는 키가 180cm이다.
881, stranger, 낯선[모르는] 사람, She is a stranger to me., 그녀는 내가 모르는 사람이다.
882, situation, 상황, We are in a difficult situation., 우리는 어려운 상황에 처해 있다.
883, actually, 실제로/ 정말로, Did she actually say like that?, 그녀가 정말로 그렇게 말했니?
884, structure, 구조, The structure of the sentence is not simple., 그 문장의 구조는 간단하지 않다.
885, servant, 하인/ 고용인, The servant was loyal to his master., 그 하인은 주인에게 충실했다.
886, recommend, 추천하다, Can you recommend a movie?, 영화 좀 추천해 줄래?
887, bold, 대담한/ 굵은, They made a bold decision., 그들은 대담한 결정을 내렸다.
888, pollute, 오염시키다, The river was polluted with oil., 그 강은 기름으로 오염되었다.
889, portrait, 초상(화), He is drawing a portrait of the model., 그는 그 모델의 초상화를 그리고 있다.
890, expression, 표현, Everyone has the freedom of expression., 모든 사람은 표현의 자유가 있다.
891, virtual, 사실상의/ 가상의, He is the virtual ruler of the country., 그는 사실상 그 나라의 지배자이다.
892, vet, 수의사, I took my dog to the vet., 나는 내 개를 수의사에게 데려갔다.
893, figure, 수치; 숫자, Last year's sales figures were good., 작년 매출 수치는 좋았다.
894, upset, 화난/ 속상한, I was upset about failing the test., 나는 시험에 떨어져서 속상했다.
895, trade, 무역[교역], Trade between the two countries has grown., 두 나라간의 교역이 증가했다.
896, terrible, 끔찍한, I saw a terrible car accident., 나는 끔찍한 교통사고를 보았다.
897, recycle, 재활용하다, We recycle all our bottles., 우리는 병을 모두 재활용한다.
898, experience, 경험, Do you have experience in this field?, 이 분야에 경험이 있나요?
899, respond, 반응[대응]하다, They responded well to the change., 그들은 그 변화에 잘 대응했다.
900, script, 대본, He is writing a film script., 그는 영화 대본을 쓰고 있다.
901, sink, 가라앉다, The boat began to sink., 그 보트는 가라앉기 시작했다.
902, forecast, 예측[예보]하다, Rain is forecast for tomorrow., 내일은 비가 올 것으로 예측된다.
903, appearance, 외모, They are similar in appearance., 그들은 외모가 비슷하다.
904, feature, 특징/ 특색, What is the feature of this car?, 이 차의 특징은 무엇입니까?
905, presentation, 수여[식]/ 발표, The presentation of prizes will be on Monday., 그 시상식은 월요일에 있을 예정이다.
906, reduce, 줄이다, Try to reduce your mistakes., 실수를 줄이려 노력해라.
907, traditional, 전통의, She is wearing traditional Korean clothing., 그녀는 한국 전통 의상을 입고 있다.
908, function, 기능, What is the function of the heart?, 심장의 기능은 무엇입니까?
909, project, 프로젝트, The company is working on a new project., 그 회사는 새 프로젝트를 작업하고 있다.
910, freezing, 몹시 추운, It's freezing outside., 밖이 정말 추워요.
911, arrest, 체포하다, The police arrested the thief., 경찰은 그 도둑을 체포했다.
912, pity, 동정/ 연민, She felt pity for the beggar., 그녀는 그 거지에게 연민을 느꼈다.
913, canal, 운하/ 수로, The ship passed through the canal., 그 배는 운하를 통과했다.
914, complain, 불평하다, He complained about the poor service., 그는 형편없는 서비스에 대해 불평했다.
915, environment, 자연환경, We should protect the environment., 우리는 자연환경을 보호해야 한다.
916, temperature, 온도/ 기온, The temperature will reach 35 ℃ today., 오늘 기온이 섭씨 35도까지 올라갈 것이다.
917, satisfy, 만족시키다, His answer didn't satisfy me., 그의 대답은 나를 만족시키지 못했다.
918, surprisingly, 놀랄 만큼, The test was surprisingly difficult., 그 시험은 의외로 어려웠다.
919, physical, 신체의, How's your physical condition?, 몸 상태는 어떤가요?
920, stroke, 타격/ 스트로크, He has a strong forehand stroke., 그는 강력한 포핸드 스트로크를 가지고 있다.
921, motivate, 동기를 부여하다, What motivates you in your work?, 일에서 당신에게 동기를 부여하는 것은 무엇입니까?
922, advantage, 장점, Low price is the advantage of this product., 저렴한 가격이 이 제품의 장점이다.
923, generally, 일반적으로, Generally/ men are taller than women., 일반적으로 남성이 여성보다 키가 크다.
924, impossible, 불가능한, It is impossible to finish it by tomorrow., 내일까지 그 일을 끝내는 것은 불가능하다.
925, similar, 비슷한, The two dolls are similar in size., 그 두 인형은 크기가 비슷하다.
926, sincere, 진실된, Please accept my sincere thanks., 저의 진심 어린 감사를 받아 주세요.
927, private, 사적인, My parents don't respect my private life., 부모님은 내 사생활을 존중해주지 않는다.
928, overcome, 극복하다, He overcame his fear of water., 그는 물에 대한 두려움을 극복했다.
929, uneasy, 걱정되는, She felt uneasy about her son's future., 그녀는 아들의 장래가 걱정되었다.
930, apology, 사과/ 사죄, I made an apology for being late., 나는 늦은 것에 대해 사과했다.
931, valuable, 값비싼/ 귀중한, The watch is very valuable., 그 시계는 매우 비싸다.
932, well-known, 잘 알려진, The city is well-known for its night view., 그 도시는 야경으로 유명하다.
933, argue, 언쟁[논쟁]하다, I don't want to argue with you., 나는 너와 논쟁하고 싶지 않아.
934, planet, 행성, Earth is the third planet from the Sun., 지구는 태양으로부터 세 번째 행성이다.
935, persuade, 설득하다, They persuaded him to stay., 그들은 그가 머물도록 설득했다.
936, interested, 흥미를 가진, She is interested in history., 그녀는 역사에 관심이 있다.
937, impression, 인상/ 감상, He gave me a good impression., 그는 내게 좋은 인상을 주었다.
938, confident, 자신감 있는, I'm confident of his success., 나는 그의 성공을 확신한다.
939, unexpected, 뜻밖의, It was an unexpected result., 그것은 뜻밖의 결과였다.
940, express, 표현하다, We need to express our feelings., 우리는 감정을 표현할 필요가 있다.
941, extreme, 극도의/ 극심한, I felt extreme pain in my knee., 나는 무릎에 극심한 통증을 느꼈다.
942, support, 지지[지원], They got a lot of support from their fans., 그들은 팬들로부터 많은 지지를 받았다.
943, describe, 묘사하다, Can you describe the man to me?, 그 남자가 어떻게 생겼는지 제게 말해 주시겠어요?
944, unlike, ~와 다른, He is unlike any other., 그는 다른 사람과 다르다.
945, difficulty, 어려움, She has difficulty in walking., 그녀는 걷는 데 어려움이 있다.
946, positive, 긍정적인, It has a positive effect on your health., 그것은 건강에 긍정적인 효과가 있다.
947, challenge, 도전, This project was a challenge for me., 이 프로젝트는 내게 도전이었다.
948, unbelievable, 믿기 어려운, That story is unbelievable., 그 이야기는 믿기 어렵다.
949, miserable, 비참한, Those poor children live miserable lives., 그 가난한 아이들은 비참한 삶을 살고 있다.
950, personality, 성격/ 인격, She has a very warm personality., 그녀는 성격이 매우 온화하다.
951, landmark, 주요 지형지물, That tall building is a landmark in this city., 저 높은 건물이 이 도시의 랜드마크이다.
952, require, 필요로 하다, They require your help., 그들은 네 도움을 필요로 한다.
953, creative, 창조[창의]적인, Your idea is very creative., 네 생각은 매우 창의적이다.
954, local, 지방의/ 지역의, I work at the local hospital., 나는 지역 병원에서 일한다.
955, injury, 부상, I'm in hospital with a head injury., 나는 머리 부상으로 입원 중이다.
956, former, 이전의/ 전임의, He is the former president., 그는 전직 대통령이다.
957, solution, 해법/ 해결책, We should find a solution to the problem., 우리는 그 문제에 대한 해결책을 찾아야 한다.
958, object, 물건/ 물체, I saw a strange object in the sky., 하늘에서 이상한 물체를 보았다.
959, gradually, 서서히, The patient is gradually getting better., 그 환자는 서서히 회복되고 있다.
960, effort, 노력/ 수고, The work took a lot of effort., 그 일은 많은 노력이 들었다.
961, disappoint, 실망시키다, He didn't want to disappoint his parents., 그는 부모님을 실망시키고 싶지 않았다.
962, satellite, 위성, The moon is a satellite of the earth., 달은 지구의 위성이다.
963, graduate, 졸업생/ 졸업하다, We are graduates of the same school., 우리는 같은 학교 졸업생이다.
964, publish, 발행하다, The company publishes several magazines., 그 회사는 여러 잡지를 발행한다.
965, exist, 존재하다, They believe that aliens exist., 그들은 외계인이 존재한다고 믿는다.
966, option, 선택(할 수 있는 것), You have the option of going there or not., 그곳에 가느냐 안 가느냐는 네 선택이다.
967, optimist, 낙관론자, She is an optimist in all things., 그녀는 모든 일에 낙관적이다.
968, encourage, 격려하다, He always encourages others., 그는 항상 다른 사람들을 격려한다.
969, individual, 개인의, We should respect individual freedom., 우리는 개인의 자유를 존중해야 한다.
970, material, 재료; 소재, Cement is used as a building material., 시멘트는 건축 재료로 사용된다.
971, distance, 거리/ 간격, What is the distance from here to Seoul?, 여기서 서울까지 거리가 얼마나 됩니까?
972, necessary, 필요한/ 필수의, Water is necessary for life., 물은 생존에 필수적이다.
973, concrete, 구체적인, We made a concrete plan., 우리는 구체적인 계획을 세웠다.
974, suppose, 추측하다/ 생각하다, Do you suppose it will rain tonight?, 오늘 밤 비가 올 것이라고 생각하니?
975, improve, 향상시키다, You need to improve your English., 너는 영어 실력을 향상시킬 필요가 있다.
976, successful, 성공적인, The first plan wasn't successful., 1차 계획은 성공적이지 못했다.
977, evidence, 증거/ 근거, There is no evidence that I broke the window., 내가 유리창을 깼다는 증거는 없다.
978, explore, 탐험하다, We explored the cave for a month., 우리는 그 동굴을 한 달간 탐험했다.
979, mention, 언급하다, He mentioned the problem in his report., 그는 보고서에서 그 문제를 언급했다.
980, electric, 전기의, Can you play the electric guitar?, 전기 기타를 칠 수 있니?
981, credit, 외상[신용] 거래, I bought it on credit., 나는 그것을 외상 거래로 샀다.
982, pollution, 오염/ 공해, The air pollution is getting worse., 공기 오염이 심해지고 있다.
983, realize, 깨닫다, I realized the value of health., 나는 건강의 소중함을 깨달았다.
984, vivid, 생생한/ 선명한, Her image is still vivid in my mind., 그녀의 모습이 아직 내 마음 속에 생생하다.
985, research, 연구; 조사, They did research on cancer., 그들은 암에 관한 연구를 했다.
986, organization, 단체/ 기구, This organization helps poor students., 이 단체는 가난한 학생들을 돕는다.
987, expect, 기대[예상]하다, I expected to get a high score., 나는 높은 점수를 받기를 기대했다.
988, harvest, 수확(기)/ 추수, Autumn is the harvest time., 가을은 수확의 시기이다.
989, concern, 우려/ 걱정, He had a concern for our safety., 그는 우리의 안전을 걱정했다.
990, achieve, 성취하다, Did you achieve your goal?, 당신은 목표를 성취했나요?
991, cheat, 부정행위를 하다, Don't cheat on the exam., 시험 중에 부정행위를 하지 마라.
992, harm, 해/ 손해, I won't do any harm to you., 너에게 어떤 해도 끼치지 않을게.
993, explain, 설명하다, Can you explain the rules of the game?, 그 경기의 규칙을 설명해 주시겠어요?
994, justice, 정의, He has a strong sense of justice., 그는 정의감이 강하다.
995, decorate, 장식하다, She decorated the cake with fruit., 그녀는 그 케이크를 과일로 장식했다.
996, electricity, 전기, This car runs on electricity., 이 자동차는 전기로 간다.
997, embarrass, 당황스럽게 만들다, He embarrassed me in front of my friends., 그는 내 친구들 앞에서 나를 당황스럽게 만들었다.
998, wisdom, 현명함/ 지혜, We can gain wisdom from books., 우리는 책으로부터 지혜를 얻을 수 있다.
999, education, 교육, Her son got a good education., 그녀의 아들은 좋은 교육을 받았다.
1000, behave, 행동하다, He always behaves like a gentleman., 그는 항상 신사답게 행동한다.
1001, communicate, 의사소통하다, We communicate well with each other., 우리는 서로 의사소통이 잘 된다.
1002, familiar, 익숙한/ 낯익은, His name is familiar to me., 그의 이름은 나에게 익숙하다.
1003, supply, 공급(량), There is a short supply of oil., 원유 공급이 부족하다.
1004, observe, 관찰[관측]하다, He likes to observe the stars., 그는 별을 관측하는 것을 좋아한다.
1005, following, (시간상으로) 다음의, I will leave for Canada the following week., 나는 다음 주에 캐나다로 떠날 것이다.
1006, environmental, 환경과 관련된, They talked about environmental issues., 그들은 환경 문제에 관해 이야기했다.
1007, talented, 재능 있는, She is a very talented actress., 그녀는 아주 재능 있는 여배우이다.
1008, waterproof, 방수의, Is this jacket waterproof?, 이 재킷은 방수가 됩니까?
1009, customer, 손님/ 고객, The customer was paying the bill., 그 손님은 계산을 하고 있었다.
1010, launch, 시작하다/ 출시하다, The enemy launched an attack., 적군은 공격을 시작했다.
1011, except, ~을 제외하고, We work every day except Sunday., 우리는 일요일 이외에는 매일 일한다.
1012, suffer, 시달리다; 고통 받다, She suffered from stroke., 그녀는 뇌졸중에 시달렸다.
1013, empire, 제국, He ruled over a large empire., 그는 대제국을 다스렸다.
1014, hatch, (알 등이) 부화하다, Three chicks hatched out., 병아리 세 마리가 부화했다.
1015, public, 대중의/ 공공의, Public opinion is changing fast., 대중의 의견이 빠르게 변하고 있다.
1016, underground, 지하의, I found an underground tunnel., 나는 지하 터널을 발견했다.
1017, disappear, 사라지다, She disappeared into the dark., 그녀는 어둠 속으로 사라졌다.
1018, survive, 생존하다, He survived the accident., 그는 그 사고에서 살아남았다.
1019, construction, 공사/ 건설, The construction of the bridge will begin this year., 그 다리의 건설은 올해 시작될 예정이다.
1020, separate, 분리된, We sleep in separate beds., 우리는 분리된 침대에서 잔다.
1021, international, 국제적인, I'd like to make an international call., 국제 전화를 걸고 싶습니다.
1022, ancient, 고대의, I like the ancient history class., 나는 고대사 수업을 좋아한다.
1023, exchange, 교환, We had an exchange of ideas., 우리는 의견을 교환했다.
1024, apologize, 사과하다, I apologize for my late reply., 늦은 답장에 대해 사과드립니다.
1025, faucet, 수도꼭지, She turned on the faucet., 그녀는 수도꼭지를 틀었다.
1026, wealth, 부/ 재산, He gained both wealth and fame., 그는 부와 명예 모두를 얻었다.
1027, community, 공동체; 지역사회, He is famous in the local community., 그는 그 지역사회에서 유명하다.
1028, relate, 관련[관계]시키다, It is difficult to relate the two problems., 그 두 문제를 관련짓기는 어렵다.
1029, devote, (시간·노력 등을) 바치다, She devoted her life to the study of birds., 그녀는 새 연구에 일생을 바쳤다.
1030, transfer, 이동[이전]하다, He transferred to another school., 그는 다른 학교로 옮겼다[전학했다].
1031, sneeze, 재채기하다, I coughed and sneezed all night., 나는 밤새 기침과 재채기를 했다.
1032, twisted, 꼬인/ 뒤틀린, The telephone cord is twisted., 전화선이 꼬여 있다.
1033, inform, 알리다, The police informed me of his death., 경찰이 나에게 그의 죽음을 알려주었다.
1034, notice, 주의/ 주목, Take no notice of what they say., 그들의 말에 신경 쓰지 마.
1035, apply, 지원하다/ 신청하다, She applied for the job., 그녀는 그 일자리에 지원했다.
1036, provide, 제공하다/ 공급하다, We provide guests with breakfast., 저희는 손님들에게 아침 식사를 제공합니다.
1037, ashamed, 부끄러워하는, He is not ashamed of being poor., 그는 가난한 것을 부끄러워하지 않는다.
1038, probably, 아마도, I'll probably be late for dinner tonight., 아마 오늘 저녁 식사에 늦을 거예요.
1039, behavior, 행동/ 태도, I got angry with his rude behavior., 나는 그의 무례한 행동에 화가 났다.
1040, unfortunately, 불행하게도, Unfortunately/ she failed the exam., 유감스럽게도/ 그녀는 그 시험에 떨어졌다.
1041, amusement, 즐거움/ 재미, She learns to play the guitar for amusement., 그녀는 재미 삼아 기타 연주를 배운다.
1042, account, (예금) 계좌, He opened a bank account., 그는 은행 계좌를 만들었다.
1043, career, 직업/ 경력, The man chose acting as a career., 그 남자는 연기를 직업으로 선택했다.
1044, celebrate, 축하하다, Let's celebrate our victory!, 우리의 승리를 축하합시다!
1045, argument, 논쟁/ 언쟁, They are having an argument., 그들은 언쟁을 벌이고 있다.
1046, experiment, 실험, We did an experiment in science class., 우리는 과학 시간에 실험을 했다.
1047, magnet, 자석, Iron sticks to magnets., 쇠붙이는 자석에 붙는다.
1048, mission, 임무, They completed their mission successfully., 그들은 임무를 성공적으로 완수했다.
1049, suggest, 제안하다, She suggested some changes., 그녀는 약간의 변화들을 제안했다.
1050, receipt, 영수증, Please sign the receipt., 영수증에 서명해 주세요.
1051, operator, 교환원/ (기계 등의) 조작자, I work as an operator at a phone company., 나는 전화국에서 교환원으로 일한다.
1052, poverty, 빈곤/ 가난, He lived all his life in poverty., 그는 평생을 가난하게 살았다.
1053, method, 방법, Let's try a different method., 다른 방법을 시도해 보자.
1054, migrate, 이동하다/ 이주하다, The birds migrate south in the winter., 그 새들은 겨울에 남쪽으로 이동한다.
1055, description, 서술/ 묘사, He gave a vivid description of the scene., 그는 그 장면을 생생하게 묘사했다.
1056, proverb, 속담/ 격언, A proverb says/ 'Time is money.', 속담에서 말하기를/ ‘시간은 금이다.' 라고 했다.
1057, fashionable, 최신 유행의, The shop sells fashionable clothes., 그 가게는 최신 유행하는 옷을 판다.
1058, mixture, 혼합(물), Air is a mixture of gases., 공기는 기체의 혼합물이다.
1059, available, 이용할 수 있는, This coupon is available for a year., 이 쿠폰은 1년간 이용할 수 있다.
1060, competition, 경쟁/ 대회, Competition for the job is very tough., 그 일자리에 대한 경쟁이 매우 치열하다.
1061, creature, 생물/ 생명체, Many interesting creatures live in the jungle., 정글에는 많은 흥미로운 생물들이 살고 있다.
1062, escalate, 확대[악화]되다, The fighting escalated into war., 그 싸움은 전쟁으로 확대되었다.
1063, develop, 발전[발달]시키다, How can I develop my writing skills?, 어떻게 내 작문 실력을 발달시킬 수 있을까?
1064, delivery, 배달/ 배송, The online store offers free delivery., 그 온라인 상점은 무료 배송을 제공한다.
1065, risk, 위험(성), There is a risk in every chance., 모든 기회에는 위험이 따른다.
1066, suspension, 정직; 정학, He was given a suspension from school., 그는 정학 처분을 받았다.
1067, expert, 전문가, She is a medical expert., 그녀는 의학 전문가이다.
1068, tragedy, 비극, The earthquake was a terrible tragedy., 그 지진은 끔찍한 비극이었다.
1069, disadvantage, 불리한 점[조건], The team is at a disadvantage., 그 팀은 불리한 조건에 있다.
1070, infection, 전염/ 감염, Is there any danger of infection?, 감염의 위험이 있습니까?
1071, relationship, 관계, I have a good relationship with him., 나는 그와 관계가 좋다.
1072, deserted, 사람이 없는/ 황량한, The street is almost deserted., 거리에 인적이 거의 없다.
1073, consider, 숙고하다, I'm considering buying a car., 나는 차를 살지 생각 중이다.
1074, depressed, 우울한, The bad weather makes me depressed., 안 좋은 날씨는 나를 우울하게 한다.
1075, bother, 귀찮게 하다, Don't bother me while I study., 공부하는 동안은 나를 귀찮게 하지 마라.
1076, participate, 참가[참여]하다, Many people participated in the audition., 많은 사람들이 그 오디션에 참가했다.
1077, paralyze, 마비시키다, The poison can paralyze a person's muscles., 그 독은 사람의 근육을 마비시킬 수 있다.
1078, responsible, 책임이 있는, He is responsible for the results., 그는 그 결과에 책임이 있다.
1079, dedication, 전념/ 헌신, She showed great dedication to her work., 그녀는 자신의 일에 굉장한 헌신을 보여주었다.
1080, curious, 궁금한, I'm curious about your opinion., 나는 네 의견이 궁금해.
